question,url_a,url_c
Qual local lhe parece mais...?,http://socientize.lsd.ufcg.edu.br/rodrigues/rodrigues_102.jpg,http://socientize.lsd.ufcg.edu.br/almirante/almirante_622.jpg
Qual local lhe parece mais...?,http://socientize.lsd.ufcg.edu.br/rodrigues/rodrigues_442.jpg,http://socientize.lsd.ufcg.edu.br/floriano/floriano_3162.jpg
Qual local lhe parece mais...?,http://socientize.lsd.ufcg.edu.br/floriano/floriano_3882.jpg,http://socientize.lsd.ufcg.edu.br/floriano/floriano_8242.jpg
Qual local lhe parece mais...?,http://socientize.lsd.ufcg.edu.br/almirante/almirante_1222.jpg,http://socientize.lsd.ufcg.edu.br/almirante/almirante_242.jpg
Qual local lhe parece mais...?,http://socientize.lsd.ufcg.edu.br/rodrigues/rodrigues_1782.jpg,http://socientize.lsd.ufcg.edu.br/rodrigues/rodrigues_1742.jpg
Qual local lhe parece mais...?,http://socientize.lsd.ufcg.edu.br/rodrigues/rodrigues_342.jpg,http://socientize.lsd.ufcg.edu.br/rodrigues/rodrigues_302.jpg
Qual local lhe parece mais...?,http://socientize.lsd.ufcg.edu.br/rodrigues/rodrigues_1242.jpg,http://socientize.lsd.ufcg.edu.br/floriano/floriano_5222.jpg
Qual local lhe parece mais...?,http://socientize.lsd.ufcg.edu.br/rodrigues/rodrigues_802.jpg,http://socientize.lsd.ufcg.edu.br/rodrigues/rodrigues_1162.jpg
Qual local lhe parece mais...?,http://socientize.lsd.ufcg.edu.br/rodrigues/rodrigues_1522.jpg,http://socientize.lsd.ufcg.edu.br/floriano/floriano_3842.jpg
Qual local lhe parece mais...?,http://socientize.lsd.ufcg.edu.br/almirante/almirante_1002.jpg,http://socientize.lsd.ufcg.edu.br/floriano/floriano_7342.jpg
Qual local lhe parece mais...?,http://socientize.lsd.ufcg.edu.br/floriano/floriano_1182.jpg,http://socientize.lsd.ufcg.edu.br/rodrigues/rodrigues_1142.jpg
Qual local lhe parece mais...?,http://socientize.lsd.ufcg.edu.br/floriano/floriano_1682.jpg,http://socientize.lsd.ufcg.edu.br/almirante/almirante_2242.jpg
Qual local lhe parece mais...?,http://socientize.lsd.ufcg.edu.br/rodrigues/rodrigues_1922.jpg,http://socientize.lsd.ufcg.edu.br/floriano/floriano_622.jpg
Qual local lhe parece mais...?,http://socientize.lsd.ufcg.edu.br/floriano/floriano_6282.jpg,http://socientize.lsd.ufcg.edu.br/almirante/almirante_1622.jpg
Qual local lhe parece mais...?,http://socientize.lsd.ufcg.edu.br/floriano/floriano_2142.jpg,http://socientize.lsd.ufcg.edu.br/floriano/floriano_4942.jpg
Qual local lhe parece mais...?,http://socientize.lsd.ufcg.edu.br/rodrigues/rodrigues_1222.jpg,http://socientize.lsd.ufcg.edu.br/almirante/almirante_1382.jpg
Qual local lhe parece mais...?,http://socientize.lsd.ufcg.edu.br/rodrigues/rodrigues_1202.jpg,http://socientize.lsd.ufcg.edu.br/floriano/floriano_3822.jpg
Qual local lhe parece mais...?,http://socientize.lsd.ufcg.edu.br/rodrigues/rodrigues_1182.jpg,http://socientize.lsd.ufcg.edu.br/almirante/almirante_1022.jpg
Qual local lhe parece mais...?,http://socientize.lsd.ufcg.edu.br/floriano/floriano_1462.jpg,http://socientize.lsd.ufcg.edu.br/rodrigues/rodrigues_662.jpg
Qual local lhe parece mais...?,http://socientize.lsd.ufcg.edu.br/almirante/almirante_1922.jpg,http://socientize.lsd.ufcg.edu.br/floriano/floriano_562.jpg
Qual local lhe parece mais...?,http://socientize.lsd.ufcg.edu.br/rodrigues/rodrigues_1322.jpg,http://socientize.lsd.ufcg.edu.br/rodrigues/rodrigues_302.jpg
Qual local lhe parece mais...?,http://socientize.lsd.ufcg.edu.br/floriano/floriano_3282.jpg,http://socientize.lsd.ufcg.edu.br/rodrigues/rodrigues_1702.jpg
Qual local lhe parece mais...?,http://socientize.lsd.ufcg.edu.br/rodrigues/rodrigues_402.jpg,http://socientize.lsd.ufcg.edu.br/floriano/floriano_1502.jpg
Qual local lhe parece mais...?,http://socientize.lsd.ufcg.edu.br/almirante/almirante_762.jpg,http://socientize.lsd.ufcg.edu.br/rodrigues/rodrigues_1462.jpg
Qual local lhe parece mais...?,http://socientize.lsd.ufcg.edu.br/almirante/almirante_62.jpg,http://socientize.lsd.ufcg.edu.br/almirante/almirante_1642.jpg
Qual local lhe parece mais...?,http://socientize.lsd.ufcg.edu.br/floriano/floriano_4442.jpg,http://socientize.lsd.ufcg.edu.br/almirante/almirante_1962.jpg
Qual local lhe parece mais...?,http://socientize.lsd.ufcg.edu.br/almirante/almirante_1902.jpg,http://socientize.lsd.ufcg.edu.br/almirante/almirante_1102.jpg
Qual local lhe parece mais...?,http://socientize.lsd.ufcg.edu.br/floriano/floriano_362.jpg,http://socientize.lsd.ufcg.edu.br/rodrigues/rodrigues_682.jpg
Qual local lhe parece mais...?,http://socientize.lsd.ufcg.edu.br/rodrigues/rodrigues_1282.jpg,http://socientize.lsd.ufcg.edu.br/rodrigues/rodrigues_342.jpg
Qual local lhe parece mais...?,http://socientize.lsd.ufcg.edu.br/almirante/almirante_1382.jpg,http://socientize.lsd.ufcg.edu.br/floriano/floriano_5682.jpg
Qual local lhe parece mais...?,http://socientize.lsd.ufcg.edu.br/almirante/almirante_2222.jpg,http://socientize.lsd.ufcg.edu.br/floriano/floriano_3942.jpg
Qual local lhe parece mais...?,http://socientize.lsd.ufcg.edu.br/floriano/floriano_1162.jpg,http://socientize.lsd.ufcg.edu.br/rodrigues/rodrigues_722.jpg
Qual local lhe parece mais...?,http://socientize.lsd.ufcg.edu.br/rodrigues/rodrigues_142.jpg,http://socientize.lsd.ufcg.edu.br/rodrigues/rodrigues_842.jpg
Qual local lhe parece mais...?,http://socientize.lsd.ufcg.edu.br/floriano/floriano_5042.jpg,http://socientize.lsd.ufcg.edu.br/almirante/almirante_1862.jpg
Qual local lhe parece mais...?,http://socientize.lsd.ufcg.edu.br/almirante/almirante_1562.jpg,http://socientize.lsd.ufcg.edu.br/floriano/floriano_7362.jpg
Qual local lhe parece mais...?,http://socientize.lsd.ufcg.edu.br/floriano/floriano_2642.jpg,http://socientize.lsd.ufcg.edu.br/rodrigues/rodrigues_1922.jpg
Qual local lhe parece mais...?,http://socientize.lsd.ufcg.edu.br/rodrigues/rodrigues_642.jpg,http://socientize.lsd.ufcg.edu.br/floriano/floriano_5442.jpg
Qual local lhe parece mais...?,http://socientize.lsd.ufcg.edu.br/floriano/floriano_6082.jpg,http://socientize.lsd.ufcg.edu.br/rodrigues/rodrigues_1362.jpg
Qual local lhe parece mais...?,http://socientize.lsd.ufcg.edu.br/floriano/floriano_6982.jpg,http://socientize.lsd.ufcg.edu.br/rodrigues/rodrigues_862.jpg
Qual local lhe parece mais...?,http://socientize.lsd.ufcg.edu.br/almirante/almirante_1702.jpg,http://socientize.lsd.ufcg.edu.br/floriano/floriano_7022.jpg
Qual local lhe parece mais...?,http://socientize.lsd.ufcg.edu.br/rodrigues/rodrigues_1222.jpg,http://socientize.lsd.ufcg.edu.br/almirante/almirante_1962.jpg
Qual local lhe parece mais...?,http://socientize.lsd.ufcg.edu.br/floriano/floriano_4022.jpg,http://socientize.lsd.ufcg.edu.br/floriano/floriano_1322.jpg
Qual local lhe parece mais...?,http://socientize.lsd.ufcg.edu.br/floriano/floriano_2962.jpg,http://socientize.lsd.ufcg.edu.br/almirante/almirante_262.jpg
Qual local lhe parece mais...?,http://socientize.lsd.ufcg.edu.br/almirante/almirante_522.jpg,http://socientize.lsd.ufcg.edu.br/rodrigues/rodrigues_1622.jpg
Qual local lhe parece mais...?,http://socientize.lsd.ufcg.edu.br/floriano/floriano_7402.jpg,http://socientize.lsd.ufcg.edu.br/almirante/almirante_1062.jpg
Qual local lhe parece mais...?,http://socientize.lsd.ufcg.edu.br/rodrigues/rodrigues_962.jpg,http://socientize.lsd.ufcg.edu.br/floriano/floriano_662.jpg
Qual local lhe parece mais...?,http://socientize.lsd.ufcg.edu.br/almirante/almirante_1122.jpg,http://socientize.lsd.ufcg.edu.br/almirante/almirante_182.jpg
Qual local lhe parece mais...?,http://socientize.lsd.ufcg.edu.br/almirante/almirante_2042.jpg,http://socientize.lsd.ufcg.edu.br/almirante/almirante_502.jpg
Qual local lhe parece mais...?,http://socientize.lsd.ufcg.edu.br/almirante/almirante_1162.jpg,http://socientize.lsd.ufcg.edu.br/floriano/floriano_3682.jpg
Qual local lhe parece mais...?,http://socientize.lsd.ufcg.edu.br/floriano/floriano_1662.jpg,http://socientize.lsd.ufcg.edu.br/almirante/almirante_922.jpg
Qual local lhe parece mais...?,http://socientize.lsd.ufcg.edu.br/rodrigues/rodrigues_202.jpg,http://socientize.lsd.ufcg.edu.br/floriano/floriano_2302.jpg
Qual local lhe parece mais...?,http://socientize.lsd.ufcg.edu.br/almirante/almirante_1042.jpg,http://socientize.lsd.ufcg.edu.br/almirante/almirante_2042.jpg
Qual local lhe parece mais...?,http://socientize.lsd.ufcg.edu.br/floriano/floriano_8082.jpg,http://socientize.lsd.ufcg.edu.br/floriano/floriano_7362.jpg
Qual local lhe parece mais...?,http://socientize.lsd.ufcg.edu.br/rodrigues/rodrigues_1922.jpg,http://socientize.lsd.ufcg.edu.br/rodrigues/rodrigues_1842.jpg
Qual local lhe parece mais...?,http://socientize.lsd.ufcg.edu.br/rodrigues/rodrigues_1782.jpg,http://socientize.lsd.ufcg.edu.br/almirante/almirante_1962.jpg
Qual local lhe parece mais...?,http://socientize.lsd.ufcg.edu.br/floriano/floriano_162.jpg,http://socientize.lsd.ufcg.edu.br/floriano/floriano_4842.jpg
Qual local lhe parece mais...?,http://socientize.lsd.ufcg.edu.br/floriano/floriano_8062.jpg,http://socientize.lsd.ufcg.edu.br/floriano/floriano_5922.jpg
Qual local lhe parece mais...?,http://socientize.lsd.ufcg.edu.br/rodrigues/rodrigues_1642.jpg,http://socientize.lsd.ufcg.edu.br/rodrigues/rodrigues_1402.jpg
Qual local lhe parece mais...?,http://socientize.lsd.ufcg.edu.br/almirante/almirante_2182.jpg,http://socientize.lsd.ufcg.edu.br/rodrigues/rodrigues_782.jpg
Qual local lhe parece mais...?,http://socientize.lsd.ufcg.edu.br/almirante/almirante_622.jpg,http://socientize.lsd.ufcg.edu.br/rodrigues/rodrigues_1382.jpg
Qual local lhe parece mais...?,http://socientize.lsd.ufcg.edu.br/rodrigues/rodrigues_1882.jpg,http://socientize.lsd.ufcg.edu.br/floriano/floriano_422.jpg
Qual local lhe parece mais...?,http://socientize.lsd.ufcg.edu.br/almirante/almirante_302.jpg,http://socientize.lsd.ufcg.edu.br/floriano/floriano_4642.jpg
Qual local lhe parece mais...?,http://socientize.lsd.ufcg.edu.br/almirante/almirante_1682.jpg,http://socientize.lsd.ufcg.edu.br/almirante/almirante_202.jpg
Qual local lhe parece mais...?,http://socientize.lsd.ufcg.edu.br/almirante/almirante_222.jpg,http://socientize.lsd.ufcg.edu.br/almirante/almirante_1262.jpg
Qual local lhe parece mais...?,http://socientize.lsd.ufcg.edu.br/floriano/floriano_6102.jpg,http://socientize.lsd.ufcg.edu.br/almirante/almirante_1642.jpg
Qual local lhe parece mais...?,http://socientize.lsd.ufcg.edu.br/almirante/almirante_1022.jpg,http://socientize.lsd.ufcg.edu.br/rodrigues/rodrigues_1722.jpg
Qual local lhe parece mais...?,http://socientize.lsd.ufcg.edu.br/floriano/floriano_7602.jpg,http://socientize.lsd.ufcg.edu.br/floriano/floriano_4962.jpg
Qual local lhe parece mais...?,http://socientize.lsd.ufcg.edu.br/rodrigues/rodrigues_922.jpg,http://socientize.lsd.ufcg.edu.br/almirante/almirante_322.jpg
Qual local lhe parece mais...?,http://socientize.lsd.ufcg.edu.br/rodrigues/rodrigues_1582.jpg,http://socientize.lsd.ufcg.edu.br/floriano/floriano_142.jpg
Qual local lhe parece mais...?,http://socientize.lsd.ufcg.edu.br/rodrigues/rodrigues_1562.jpg,http://socientize.lsd.ufcg.edu.br/rodrigues/rodrigues_402.jpg
Qual local lhe parece mais...?,http://socientize.lsd.ufcg.edu.br/floriano/floriano_4382.jpg,http://socientize.lsd.ufcg.edu.br/almirante/almirante_1302.jpg
Qual local lhe parece mais...?,http://socientize.lsd.ufcg.edu.br/rodrigues/rodrigues_1322.jpg,http://socientize.lsd.ufcg.edu.br/floriano/floriano_262.jpg
Qual local lhe parece mais...?,http://socientize.lsd.ufcg.edu.br/almirante/almirante_1902.jpg,http://socientize.lsd.ufcg.edu.br/floriano/floriano_6522.jpg
Qual local lhe parece mais...?,http://socientize.lsd.ufcg.edu.br/rodrigues/rodrigues_902.jpg,http://socientize.lsd.ufcg.edu.br/almirante/almirante_1742.jpg
Qual local lhe parece mais...?,http://socientize.lsd.ufcg.edu.br/almirante/almirante_1842.jpg,http://socientize.lsd.ufcg.edu.br/floriano/floriano_7682.jpg
Qual local lhe parece mais...?,http://socientize.lsd.ufcg.edu.br/floriano/floriano_2.jpg,http://socientize.lsd.ufcg.edu.br/floriano/floriano_7722.jpg
Qual local lhe parece mais...?,http://socientize.lsd.ufcg.edu.br/almirante/almirante_482.jpg,http://socientize.lsd.ufcg.edu.br/floriano/floriano_8722.jpg
Qual local lhe parece mais...?,http://socientize.lsd.ufcg.edu.br/floriano/floriano_4242.jpg,http://socientize.lsd.ufcg.edu.br/almirante/almirante_662.jpg
Qual local lhe parece mais...?,http://socientize.lsd.ufcg.edu.br/rodrigues/rodrigues_1002.jpg,http://socientize.lsd.ufcg.edu.br/rodrigues/rodrigues_1782.jpg
Qual local lhe parece mais...?,http://socientize.lsd.ufcg.edu.br/floriano/floriano_2162.jpg,http://socientize.lsd.ufcg.edu.br/almirante/almirante_2222.jpg
Qual local lhe parece mais...?,http://socientize.lsd.ufcg.edu.br/floriano/floriano_6342.jpg,http://socientize.lsd.ufcg.edu.br/floriano/floriano_1942.jpg
Qual local lhe parece mais...?,http://socientize.lsd.ufcg.edu.br/floriano/floriano_6722.jpg,http://socientize.lsd.ufcg.edu.br/almirante/almirante_922.jpg
Qual local lhe parece mais...?,http://socientize.lsd.ufcg.edu.br/almirante/almirante_1402.jpg,http://socientize.lsd.ufcg.edu.br/floriano/floriano_6282.jpg
Qual local lhe parece mais...?,http://socientize.lsd.ufcg.edu.br/almirante/almirante_862.jpg,http://socientize.lsd.ufcg.edu.br/floriano/floriano_1902.jpg
Qual local lhe parece mais...?,http://socientize.lsd.ufcg.edu.br/almirante/almirante_1022.jpg,http://socientize.lsd.ufcg.edu.br/almirante/almirante_542.jpg
Qual local lhe parece mais...?,http://socientize.lsd.ufcg.edu.br/almirante/almirante_962.jpg,http://socientize.lsd.ufcg.edu.br/rodrigues/rodrigues_1402.jpg
Qual local lhe parece mais...?,http://socientize.lsd.ufcg.edu.br/rodrigues/rodrigues_1342.jpg,http://socientize.lsd.ufcg.edu.br/almirante/almirante_1682.jpg
Qual local lhe parece mais...?,http://socientize.lsd.ufcg.edu.br/almirante/almirante_602.jpg,http://socientize.lsd.ufcg.edu.br/floriano/floriano_5162.jpg
Qual local lhe parece mais...?,http://socientize.lsd.ufcg.edu.br/floriano/floriano_2502.jpg,http://socientize.lsd.ufcg.edu.br/floriano/floriano_8422.jpg
Qual local lhe parece mais...?,http://socientize.lsd.ufcg.edu.br/rodrigues/rodrigues_302.jpg,http://socientize.lsd.ufcg.edu.br/floriano/floriano_1982.jpg
Qual local lhe parece mais...?,http://socientize.lsd.ufcg.edu.br/floriano/floriano_6402.jpg,http://socientize.lsd.ufcg.edu.br/rodrigues/rodrigues_862.jpg
Qual local lhe parece mais...?,http://socientize.lsd.ufcg.edu.br/rodrigues/rodrigues_1282.jpg,http://socientize.lsd.ufcg.edu.br/rodrigues/rodrigues_502.jpg
Qual local lhe parece mais...?,http://socientize.lsd.ufcg.edu.br/almirante/almirante_142.jpg,http://socientize.lsd.ufcg.edu.br/rodrigues/rodrigues_1282.jpg
Qual local lhe parece mais...?,http://socientize.lsd.ufcg.edu.br/floriano/floriano_7482.jpg,http://socientize.lsd.ufcg.edu.br/floriano/floriano_8482.jpg
Qual local lhe parece mais...?,http://socientize.lsd.ufcg.edu.br/floriano/floriano_7082.jpg,http://socientize.lsd.ufcg.edu.br/rodrigues/rodrigues_1422.jpg
Qual local lhe parece mais...?,http://socientize.lsd.ufcg.edu.br/rodrigues/rodrigues_442.jpg,http://socientize.lsd.ufcg.edu.br/floriano/floriano_842.jpg
Qual local lhe parece mais...?,http://socientize.lsd.ufcg.edu.br/rodrigues/rodrigues_1382.jpg,http://socientize.lsd.ufcg.edu.br/almirante/almirante_1402.jpg
Qual local lhe parece mais...?,http://socientize.lsd.ufcg.edu.br/almirante/almirante_1442.jpg,http://socientize.lsd.ufcg.edu.br/almirante/almirante_1382.jpg
Qual local lhe parece mais...?,http://socientize.lsd.ufcg.edu.br/almirante/almirante_1022.jpg,http://socientize.lsd.ufcg.edu.br/floriano/floriano_8802.jpg
Qual local lhe parece mais...?,http://socientize.lsd.ufcg.edu.br/floriano/floriano_1162.jpg,http://socientize.lsd.ufcg.edu.br/floriano/floriano_4562.jpg
Qual local lhe parece mais...?,http://socientize.lsd.ufcg.edu.br/floriano/floriano_7782.jpg,http://socientize.lsd.ufcg.edu.br/rodrigues/rodrigues_1522.jpg
Qual local lhe parece mais...?,http://socientize.lsd.ufcg.edu.br/rodrigues/rodrigues_1602.jpg,http://socientize.lsd.ufcg.edu.br/rodrigues/rodrigues_102.jpg
Qual local lhe parece mais...?,http://socientize.lsd.ufcg.edu.br/floriano/floriano_1002.jpg,http://socientize.lsd.ufcg.edu.br/rodrigues/rodrigues_1442.jpg
Qual local lhe parece mais...?,http://socientize.lsd.ufcg.edu.br/almirante/almirante_242.jpg,http://socientize.lsd.ufcg.edu.br/almirante/almirante_342.jpg
Qual local lhe parece mais...?,http://socientize.lsd.ufcg.edu.br/rodrigues/rodrigues_1322.jpg,http://socientize.lsd.ufcg.edu.br/floriano/floriano_3202.jpg
Qual local lhe parece mais...?,http://socientize.lsd.ufcg.edu.br/rodrigues/rodrigues_642.jpg,http://socientize.lsd.ufcg.edu.br/floriano/floriano_2702.jpg
Qual local lhe parece mais...?,http://socientize.lsd.ufcg.edu.br/rodrigues/rodrigues_742.jpg,http://socientize.lsd.ufcg.edu.br/rodrigues/rodrigues_162.jpg
Qual local lhe parece mais...?,http://socientize.lsd.ufcg.edu.br/floriano/floriano_442.jpg,http://socientize.lsd.ufcg.edu.br/rodrigues/rodrigues_1922.jpg
Qual local lhe parece mais...?,http://socientize.lsd.ufcg.edu.br/almirante/almirante_1542.jpg,http://socientize.lsd.ufcg.edu.br/floriano/floriano_3962.jpg
Qual local lhe parece mais...?,http://socientize.lsd.ufcg.edu.br/almirante/almirante_842.jpg,http://socientize.lsd.ufcg.edu.br/almirante/almirante_722.jpg
Qual local lhe parece mais...?,http://socientize.lsd.ufcg.edu.br/almirante/almirante_1842.jpg,http://socientize.lsd.ufcg.edu.br/floriano/floriano_6322.jpg
Qual local lhe parece mais...?,http://socientize.lsd.ufcg.edu.br/floriano/floriano_1662.jpg,http://socientize.lsd.ufcg.edu.br/almirante/almirante_342.jpg
Qual local lhe parece mais...?,http://socientize.lsd.ufcg.edu.br/almirante/almirante_2082.jpg,http://socientize.lsd.ufcg.edu.br/floriano/floriano_2182.jpg
Qual local lhe parece mais...?,http://socientize.lsd.ufcg.edu.br/almirante/almirante_682.jpg,http://socientize.lsd.ufcg.edu.br/almirante/almirante_1122.jpg
Qual local lhe parece mais...?,http://socientize.lsd.ufcg.edu.br/rodrigues/rodrigues_682.jpg,http://socientize.lsd.ufcg.edu.br/rodrigues/rodrigues_1722.jpg
Qual local lhe parece mais...?,http://socientize.lsd.ufcg.edu.br/almirante/almirante_82.jpg,http://socientize.lsd.ufcg.edu.br/rodrigues/rodrigues_1422.jpg
Qual local lhe parece mais...?,http://socientize.lsd.ufcg.edu.br/floriano/floriano_6902.jpg,http://socientize.lsd.ufcg.edu.br/floriano/floriano_4842.jpg
Qual local lhe parece mais...?,http://socientize.lsd.ufcg.edu.br/floriano/floriano_2522.jpg,http://socientize.lsd.ufcg.edu.br/floriano/floriano_4982.jpg
Qual local lhe parece mais...?,http://socientize.lsd.ufcg.edu.br/rodrigues/rodrigues_102.jpg,http://socientize.lsd.ufcg.edu.br/rodrigues/rodrigues_1202.jpg
Qual local lhe parece mais...?,http://socientize.lsd.ufcg.edu.br/floriano/floriano_8762.jpg,http://socientize.lsd.ufcg.edu.br/floriano/floriano_8442.jpg
Qual local lhe parece mais...?,http://socientize.lsd.ufcg.edu.br/rodrigues/rodrigues_1702.jpg,http://socientize.lsd.ufcg.edu.br/almirante/almirante_2.jpg
Qual local lhe parece mais...?,http://socientize.lsd.ufcg.edu.br/almirante/almirante_482.jpg,http://socientize.lsd.ufcg.edu.br/floriano/floriano_8782.jpg
Qual local lhe parece mais...?,http://socientize.lsd.ufcg.edu.br/almirante/almirante_422.jpg,http://socientize.lsd.ufcg.edu.br/almirante/almirante_1022.jpg
Qual local lhe parece mais...?,http://socientize.lsd.ufcg.edu.br/rodrigues/rodrigues_982.jpg,http://socientize.lsd.ufcg.edu.br/almirante/almirante_702.jpg
Qual local lhe parece mais...?,http://socientize.lsd.ufcg.edu.br/rodrigues/rodrigues_1182.jpg,http://socientize.lsd.ufcg.edu.br/almirante/almirante_942.jpg
Qual local lhe parece mais...?,http://socientize.lsd.ufcg.edu.br/almirante/almirante_1582.jpg,http://socientize.lsd.ufcg.edu.br/floriano/floriano_6242.jpg
Qual local lhe parece mais...?,http://socientize.lsd.ufcg.edu.br/floriano/floriano_8042.jpg,http://socientize.lsd.ufcg.edu.br/rodrigues/rodrigues_1802.jpg
Qual local lhe parece mais...?,http://socientize.lsd.ufcg.edu.br/rodrigues/rodrigues_1862.jpg,http://socientize.lsd.ufcg.edu.br/floriano/floriano_6702.jpg
Qual local lhe parece mais...?,http://socientize.lsd.ufcg.edu.br/almirante/almirante_802.jpg,http://socientize.lsd.ufcg.edu.br/almirante/almirante_1562.jpg
Qual local lhe parece mais...?,http://socientize.lsd.ufcg.edu.br/floriano/floriano_3562.jpg,http://socientize.lsd.ufcg.edu.br/rodrigues/rodrigues_1422.jpg
Qual local lhe parece mais...?,http://socientize.lsd.ufcg.edu.br/almirante/almirante_1362.jpg,http://socientize.lsd.ufcg.edu.br/rodrigues/rodrigues_222.jpg
Qual local lhe parece mais...?,http://socientize.lsd.ufcg.edu.br/floriano/floriano_1122.jpg,http://socientize.lsd.ufcg.edu.br/rodrigues/rodrigues_862.jpg
Qual local lhe parece mais...?,http://socientize.lsd.ufcg.edu.br/rodrigues/rodrigues_1342.jpg,http://socientize.lsd.ufcg.edu.br/floriano/floriano_7602.jpg
Qual local lhe parece mais...?,http://socientize.lsd.ufcg.edu.br/floriano/floriano_562.jpg,http://socientize.lsd.ufcg.edu.br/floriano/floriano_3222.jpg
Qual local lhe parece mais...?,http://socientize.lsd.ufcg.edu.br/rodrigues/rodrigues_762.jpg,http://socientize.lsd.ufcg.edu.br/floriano/floriano_2682.jpg
Qual local lhe parece mais...?,http://socientize.lsd.ufcg.edu.br/almirante/almirante_1902.jpg,http://socientize.lsd.ufcg.edu.br/floriano/floriano_6202.jpg
Qual local lhe parece mais...?,http://socientize.lsd.ufcg.edu.br/rodrigues/rodrigues_402.jpg,http://socientize.lsd.ufcg.edu.br/rodrigues/rodrigues_42.jpg
Qual local lhe parece mais...?,http://socientize.lsd.ufcg.edu.br/floriano/floriano_7902.jpg,http://socientize.lsd.ufcg.edu.br/almirante/almirante_1102.jpg
Qual local lhe parece mais...?,http://socientize.lsd.ufcg.edu.br/rodrigues/rodrigues_1402.jpg,http://socientize.lsd.ufcg.edu.br/rodrigues/rodrigues_942.jpg
Qual local lhe parece mais...?,http://socientize.lsd.ufcg.edu.br/almirante/almirante_622.jpg,http://socientize.lsd.ufcg.edu.br/floriano/floriano_5702.jpg
Qual local lhe parece mais...?,http://socientize.lsd.ufcg.edu.br/rodrigues/rodrigues_742.jpg,http://socientize.lsd.ufcg.edu.br/rodrigues/rodrigues_22.jpg
Qual local lhe parece mais...?,http://socientize.lsd.ufcg.edu.br/floriano/floriano_5422.jpg,http://socientize.lsd.ufcg.edu.br/almirante/almirante_1642.jpg
Qual local lhe parece mais...?,http://socientize.lsd.ufcg.edu.br/almirante/almirante_2002.jpg,http://socientize.lsd.ufcg.edu.br/floriano/floriano_1362.jpg
Qual local lhe parece mais...?,http://socientize.lsd.ufcg.edu.br/almirante/almirante_622.jpg,http://socientize.lsd.ufcg.edu.br/almirante/almirante_1322.jpg
Qual local lhe parece mais...?,http://socientize.lsd.ufcg.edu.br/almirante/almirante_1862.jpg,http://socientize.lsd.ufcg.edu.br/floriano/floriano_8182.jpg
Qual local lhe parece mais...?,http://socientize.lsd.ufcg.edu.br/almirante/almirante_762.jpg,http://socientize.lsd.ufcg.edu.br/rodrigues/rodrigues_622.jpg
Qual local lhe parece mais...?,http://socientize.lsd.ufcg.edu.br/floriano/floriano_8422.jpg,http://socientize.lsd.ufcg.edu.br/almirante/almirante_922.jpg
Qual local lhe parece mais...?,http://socientize.lsd.ufcg.edu.br/almirante/almirante_1122.jpg,http://socientize.lsd.ufcg.edu.br/floriano/floriano_2942.jpg
Qual local lhe parece mais...?,http://socientize.lsd.ufcg.edu.br/rodrigues/rodrigues_1462.jpg,http://socientize.lsd.ufcg.edu.br/almirante/almirante_1162.jpg
Qual local lhe parece mais...?,http://socientize.lsd.ufcg.edu.br/floriano/floriano_6382.jpg,http://socientize.lsd.ufcg.edu.br/almirante/almirante_982.jpg
Qual local lhe parece mais...?,http://socientize.lsd.ufcg.edu.br/rodrigues/rodrigues_1702.jpg,http://socientize.lsd.ufcg.edu.br/floriano/floriano_5042.jpg
Qual local lhe parece mais...?,http://socientize.lsd.ufcg.edu.br/almirante/almirante_2142.jpg,http://socientize.lsd.ufcg.edu.br/almirante/almirante_382.jpg
Qual local lhe parece mais...?,http://socientize.lsd.ufcg.edu.br/almirante/almirante_702.jpg,http://socientize.lsd.ufcg.edu.br/floriano/floriano_442.jpg
Qual local lhe parece mais...?,http://socientize.lsd.ufcg.edu.br/rodrigues/rodrigues_1462.jpg,http://socientize.lsd.ufcg.edu.br/rodrigues/rodrigues_1302.jpg
Qual local lhe parece mais...?,http://socientize.lsd.ufcg.edu.br/floriano/floriano_642.jpg,http://socientize.lsd.ufcg.edu.br/floriano/floriano_4482.jpg
Qual local lhe parece mais...?,http://socientize.lsd.ufcg.edu.br/almirante/almirante_1362.jpg,http://socientize.lsd.ufcg.edu.br/floriano/floriano_4722.jpg
Qual local lhe parece mais...?,http://socientize.lsd.ufcg.edu.br/rodrigues/rodrigues_642.jpg,http://socientize.lsd.ufcg.edu.br/floriano/floriano_4982.jpg
Qual local lhe parece mais...?,http://socientize.lsd.ufcg.edu.br/rodrigues/rodrigues_642.jpg,http://socientize.lsd.ufcg.edu.br/floriano/floriano_62.jpg
Qual local lhe parece mais...?,http://socientize.lsd.ufcg.edu.br/rodrigues/rodrigues_1342.jpg,http://socientize.lsd.ufcg.edu.br/floriano/floriano_7322.jpg
Qual local lhe parece mais...?,http://socientize.lsd.ufcg.edu.br/floriano/floriano_2702.jpg,http://socientize.lsd.ufcg.edu.br/floriano/floriano_4322.jpg
Qual local lhe parece mais...?,http://socientize.lsd.ufcg.edu.br/rodrigues/rodrigues_22.jpg,http://socientize.lsd.ufcg.edu.br/floriano/floriano_442.jpg
Qual local lhe parece mais...?,http://socientize.lsd.ufcg.edu.br/almirante/almirante_22.jpg,http://socientize.lsd.ufcg.edu.br/rodrigues/rodrigues_1242.jpg
Qual local lhe parece mais...?,http://socientize.lsd.ufcg.edu.br/almirante/almirante_382.jpg,http://socientize.lsd.ufcg.edu.br/rodrigues/rodrigues_442.jpg
Qual local lhe parece mais...?,http://socientize.lsd.ufcg.edu.br/almirante/almirante_462.jpg,http://socientize.lsd.ufcg.edu.br/floriano/floriano_3562.jpg
Qual local lhe parece mais...?,http://socientize.lsd.ufcg.edu.br/almirante/almirante_1582.jpg,http://socientize.lsd.ufcg.edu.br/floriano/floriano_2902.jpg
Qual local lhe parece mais...?,http://socientize.lsd.ufcg.edu.br/rodrigues/rodrigues_202.jpg,http://socientize.lsd.ufcg.edu.br/rodrigues/rodrigues_142.jpg
Qual local lhe parece mais...?,http://socientize.lsd.ufcg.edu.br/floriano/floriano_2242.jpg,http://socientize.lsd.ufcg.edu.br/rodrigues/rodrigues_1062.jpg
Qual local lhe parece mais...?,http://socientize.lsd.ufcg.edu.br/floriano/floriano_5302.jpg,http://socientize.lsd.ufcg.edu.br/floriano/floriano_2162.jpg
Qual local lhe parece mais...?,http://socientize.lsd.ufcg.edu.br/almirante/almirante_1802.jpg,http://socientize.lsd.ufcg.edu.br/almirante/almirante_342.jpg
Qual local lhe parece mais...?,http://socientize.lsd.ufcg.edu.br/rodrigues/rodrigues_582.jpg,http://socientize.lsd.ufcg.edu.br/almirante/almirante_1282.jpg
Qual local lhe parece mais...?,http://socientize.lsd.ufcg.edu.br/almirante/almirante_42.jpg,http://socientize.lsd.ufcg.edu.br/floriano/floriano_3582.jpg
Qual local lhe parece mais...?,http://socientize.lsd.ufcg.edu.br/almirante/almirante_22.jpg,http://socientize.lsd.ufcg.edu.br/almirante/almirante_322.jpg
Qual local lhe parece mais...?,http://socientize.lsd.ufcg.edu.br/almirante/almirante_602.jpg,http://socientize.lsd.ufcg.edu.br/almirante/almirante_622.jpg
Qual local lhe parece mais...?,http://socientize.lsd.ufcg.edu.br/floriano/floriano_6302.jpg,http://socientize.lsd.ufcg.edu.br/rodrigues/rodrigues_2.jpg
Qual local lhe parece mais...?,http://socientize.lsd.ufcg.edu.br/almirante/almirante_282.jpg,http://socientize.lsd.ufcg.edu.br/rodrigues/rodrigues_902.jpg
Qual local lhe parece mais...?,http://socientize.lsd.ufcg.edu.br/rodrigues/rodrigues_442.jpg,http://socientize.lsd.ufcg.edu.br/rodrigues/rodrigues_562.jpg
Qual local lhe parece mais...?,http://socientize.lsd.ufcg.edu.br/almirante/almirante_262.jpg,http://socientize.lsd.ufcg.edu.br/rodrigues/rodrigues_1942.jpg
Qual local lhe parece mais...?,http://socientize.lsd.ufcg.edu.br/rodrigues/rodrigues_562.jpg,http://socientize.lsd.ufcg.edu.br/floriano/floriano_7702.jpg
Qual local lhe parece mais...?,http://socientize.lsd.ufcg.edu.br/almirante/almirante_502.jpg,http://socientize.lsd.ufcg.edu.br/almirante/almirante_682.jpg
Qual local lhe parece mais...?,http://socientize.lsd.ufcg.edu.br/rodrigues/rodrigues_1222.jpg,http://socientize.lsd.ufcg.edu.br/rodrigues/rodrigues_1842.jpg
Qual local lhe parece mais...?,http://socientize.lsd.ufcg.edu.br/almirante/almirante_1062.jpg,http://socientize.lsd.ufcg.edu.br/almirante/almirante_1602.jpg
Qual local lhe parece mais...?,http://socientize.lsd.ufcg.edu.br/floriano/floriano_7302.jpg,http://socientize.lsd.ufcg.edu.br/almirante/almirante_2202.jpg
Qual local lhe parece mais...?,http://socientize.lsd.ufcg.edu.br/floriano/floriano_2982.jpg,http://socientize.lsd.ufcg.edu.br/almirante/almirante_1002.jpg
Qual local lhe parece mais...?,http://socientize.lsd.ufcg.edu.br/floriano/floriano_8762.jpg,http://socientize.lsd.ufcg.edu.br/almirante/almirante_1382.jpg
Qual local lhe parece mais...?,http://socientize.lsd.ufcg.edu.br/floriano/floriano_5582.jpg,http://socientize.lsd.ufcg.edu.br/rodrigues/rodrigues_142.jpg
Qual local lhe parece mais...?,http://socientize.lsd.ufcg.edu.br/floriano/floriano_862.jpg,http://socientize.lsd.ufcg.edu.br/floriano/floriano_1622.jpg
Qual local lhe parece mais...?,http://socientize.lsd.ufcg.edu.br/floriano/floriano_1542.jpg,http://socientize.lsd.ufcg.edu.br/almirante/almirante_2122.jpg
Qual local lhe parece mais...?,http://socientize.lsd.ufcg.edu.br/almirante/almirante_1362.jpg,http://socientize.lsd.ufcg.edu.br/rodrigues/rodrigues_202.jpg
Qual local lhe parece mais...?,http://socientize.lsd.ufcg.edu.br/rodrigues/rodrigues_1402.jpg,http://socientize.lsd.ufcg.edu.br/almirante/almirante_1142.jpg
Qual local lhe parece mais...?,http://socientize.lsd.ufcg.edu.br/almirante/almirante_622.jpg,http://socientize.lsd.ufcg.edu.br/almirante/almirante_542.jpg
Qual local lhe parece mais...?,http://socientize.lsd.ufcg.edu.br/almirante/almirante_962.jpg,http://socientize.lsd.ufcg.edu.br/almirante/almirante_1962.jpg
Qual local lhe parece mais...?,http://socientize.lsd.ufcg.edu.br/rodrigues/rodrigues_122.jpg,http://socientize.lsd.ufcg.edu.br/rodrigues/rodrigues_1542.jpg
Qual local lhe parece mais...?,http://socientize.lsd.ufcg.edu.br/floriano/floriano_2662.jpg,http://socientize.lsd.ufcg.edu.br/almirante/almirante_1402.jpg
Qual local lhe parece mais...?,http://socientize.lsd.ufcg.edu.br/floriano/floriano_5262.jpg,http://socientize.lsd.ufcg.edu.br/rodrigues/rodrigues_1702.jpg
Qual local lhe parece mais...?,http://socientize.lsd.ufcg.edu.br/almirante/almirante_882.jpg,http://socientize.lsd.ufcg.edu.br/almirante/almirante_1182.jpg
Qual local lhe parece mais...?,http://socientize.lsd.ufcg.edu.br/rodrigues/rodrigues_2.jpg,http://socientize.lsd.ufcg.edu.br/floriano/floriano_382.jpg
Qual local lhe parece mais...?,http://socientize.lsd.ufcg.edu.br/floriano/floriano_8582.jpg,http://socientize.lsd.ufcg.edu.br/rodrigues/rodrigues_202.jpg
Qual local lhe parece mais...?,http://socientize.lsd.ufcg.edu.br/almirante/almirante_1902.jpg,http://socientize.lsd.ufcg.edu.br/rodrigues/rodrigues_502.jpg
Qual local lhe parece mais...?,http://socientize.lsd.ufcg.edu.br/rodrigues/rodrigues_1942.jpg,http://socientize.lsd.ufcg.edu.br/almirante/almirante_2102.jpg
Qual local lhe parece mais...?,http://socientize.lsd.ufcg.edu.br/rodrigues/rodrigues_222.jpg,http://socientize.lsd.ufcg.edu.br/floriano/floriano_3982.jpg
Qual local lhe parece mais...?,http://socientize.lsd.ufcg.edu.br/floriano/floriano_3922.jpg,http://socientize.lsd.ufcg.edu.br/almirante/almirante_1302.jpg
Qual local lhe parece mais...?,http://socientize.lsd.ufcg.edu.br/floriano/floriano_5082.jpg,http://socientize.lsd.ufcg.edu.br/almirante/almirante_222.jpg
Qual local lhe parece mais...?,http://socientize.lsd.ufcg.edu.br/floriano/floriano_1262.jpg,http://socientize.lsd.ufcg.edu.br/floriano/floriano_762.jpg
Qual local lhe parece mais...?,http://socientize.lsd.ufcg.edu.br/almirante/almirante_2042.jpg,http://socientize.lsd.ufcg.edu.br/rodrigues/rodrigues_702.jpg
Qual local lhe parece mais...?,http://socientize.lsd.ufcg.edu.br/floriano/floriano_3902.jpg,http://socientize.lsd.ufcg.edu.br/rodrigues/rodrigues_702.jpg
Qual local lhe parece mais...?,http://socientize.lsd.ufcg.edu.br/almirante/almirante_2082.jpg,http://socientize.lsd.ufcg.edu.br/almirante/almirante_622.jpg
Qual local lhe parece mais...?,http://socientize.lsd.ufcg.edu.br/rodrigues/rodrigues_1442.jpg,http://socientize.lsd.ufcg.edu.br/rodrigues/rodrigues_22.jpg
Qual local lhe parece mais...?,http://socientize.lsd.ufcg.edu.br/rodrigues/rodrigues_322.jpg,http://socientize.lsd.ufcg.edu.br/almirante/almirante_1062.jpg
Qual local lhe parece mais...?,http://socientize.lsd.ufcg.edu.br/almirante/almirante_82.jpg,http://socientize.lsd.ufcg.edu.br/rodrigues/rodrigues_1542.jpg
Qual local lhe parece mais...?,http://socientize.lsd.ufcg.edu.br/almirante/almirante_342.jpg,http://socientize.lsd.ufcg.edu.br/almirante/almirante_302.jpg
Qual local lhe parece mais...?,http://socientize.lsd.ufcg.edu.br/rodrigues/rodrigues_862.jpg,http://socientize.lsd.ufcg.edu.br/almirante/almirante_1642.jpg
Qual local lhe parece mais...?,http://socientize.lsd.ufcg.edu.br/almirante/almirante_1402.jpg,http://socientize.lsd.ufcg.edu.br/almirante/almirante_102.jpg
Qual local lhe parece mais...?,http://socientize.lsd.ufcg.edu.br/rodrigues/rodrigues_1102.jpg,http://socientize.lsd.ufcg.edu.br/rodrigues/rodrigues_1242.jpg
Qual local lhe parece mais...?,http://socientize.lsd.ufcg.edu.br/almirante/almirante_1542.jpg,http://socientize.lsd.ufcg.edu.br/floriano/floriano_8322.jpg
Qual local lhe parece mais...?,http://socientize.lsd.ufcg.edu.br/floriano/floriano_1162.jpg,http://socientize.lsd.ufcg.edu.br/almirante/almirante_1062.jpg
Qual local lhe parece mais...?,http://socientize.lsd.ufcg.edu.br/floriano/floriano_602.jpg,http://socientize.lsd.ufcg.edu.br/rodrigues/rodrigues_142.jpg
Qual local lhe parece mais...?,http://socientize.lsd.ufcg.edu.br/rodrigues/rodrigues_1302.jpg,http://socientize.lsd.ufcg.edu.br/rodrigues/rodrigues_862.jpg
Qual local lhe parece mais...?,http://socientize.lsd.ufcg.edu.br/rodrigues/rodrigues_1422.jpg,http://socientize.lsd.ufcg.edu.br/floriano/floriano_8962.jpg
Qual local lhe parece mais...?,http://socientize.lsd.ufcg.edu.br/floriano/floriano_8262.jpg,http://socientize.lsd.ufcg.edu.br/rodrigues/rodrigues_1322.jpg
Qual local lhe parece mais...?,http://socientize.lsd.ufcg.edu.br/floriano/floriano_8542.jpg,http://socientize.lsd.ufcg.edu.br/rodrigues/rodrigues_1702.jpg
Qual local lhe parece mais...?,http://socientize.lsd.ufcg.edu.br/floriano/floriano_8502.jpg,http://socientize.lsd.ufcg.edu.br/floriano/floriano_8302.jpg
Qual local lhe parece mais...?,http://socientize.lsd.ufcg.edu.br/floriano/floriano_2342.jpg,http://socientize.lsd.ufcg.edu.br/almirante/almirante_1562.jpg
Qual local lhe parece mais...?,http://socientize.lsd.ufcg.edu.br/floriano/floriano_7782.jpg,http://socientize.lsd.ufcg.edu.br/floriano/floriano_2222.jpg
Qual local lhe parece mais...?,http://socientize.lsd.ufcg.edu.br/rodrigues/rodrigues_1662.jpg,http://socientize.lsd.ufcg.edu.br/floriano/floriano_22.jpg
Qual local lhe parece mais...?,http://socientize.lsd.ufcg.edu.br/rodrigues/rodrigues_862.jpg,http://socientize.lsd.ufcg.edu.br/floriano/floriano_3562.jpg
Qual local lhe parece mais...?,http://socientize.lsd.ufcg.edu.br/rodrigues/rodrigues_982.jpg,http://socientize.lsd.ufcg.edu.br/almirante/almirante_822.jpg
Qual local lhe parece mais...?,http://socientize.lsd.ufcg.edu.br/almirante/almirante_742.jpg,http://socientize.lsd.ufcg.edu.br/floriano/floriano_3682.jpg
Qual local lhe parece mais...?,http://socientize.lsd.ufcg.edu.br/almirante/almirante_1902.jpg,http://socientize.lsd.ufcg.edu.br/floriano/floriano_4382.jpg
Qual local lhe parece mais...?,http://socientize.lsd.ufcg.edu.br/floriano/floriano_2282.jpg,http://socientize.lsd.ufcg.edu.br/almirante/almirante_1582.jpg
Qual local lhe parece mais...?,http://socientize.lsd.ufcg.edu.br/rodrigues/rodrigues_1502.jpg,http://socientize.lsd.ufcg.edu.br/rodrigues/rodrigues_1242.jpg
Qual local lhe parece mais...?,http://socientize.lsd.ufcg.edu.br/floriano/floriano_6962.jpg,http://socientize.lsd.ufcg.edu.br/almirante/almirante_902.jpg
Qual local lhe parece mais...?,http://socientize.lsd.ufcg.edu.br/rodrigues/rodrigues_162.jpg,http://socientize.lsd.ufcg.edu.br/almirante/almirante_1002.jpg
Qual local lhe parece mais...?,http://socientize.lsd.ufcg.edu.br/almirante/almirante_2202.jpg,http://socientize.lsd.ufcg.edu.br/floriano/floriano_442.jpg
Qual local lhe parece mais...?,http://socientize.lsd.ufcg.edu.br/almirante/almirante_1782.jpg,http://socientize.lsd.ufcg.edu.br/floriano/floriano_562.jpg
Qual local lhe parece mais...?,http://socientize.lsd.ufcg.edu.br/almirante/almirante_1422.jpg,http://socientize.lsd.ufcg.edu.br/floriano/floriano_7522.jpg
Qual local lhe parece mais...?,http://socientize.lsd.ufcg.edu.br/almirante/almirante_1602.jpg,http://socientize.lsd.ufcg.edu.br/rodrigues/rodrigues_1662.jpg
Qual local lhe parece mais...?,http://socientize.lsd.ufcg.edu.br/almirante/almirante_1962.jpg,http://socientize.lsd.ufcg.edu.br/rodrigues/rodrigues_1762.jpg
Qual local lhe parece mais...?,http://socientize.lsd.ufcg.edu.br/rodrigues/rodrigues_1922.jpg,http://socientize.lsd.ufcg.edu.br/floriano/floriano_3202.jpg
Qual local lhe parece mais...?,http://socientize.lsd.ufcg.edu.br/almirante/almirante_162.jpg,http://socientize.lsd.ufcg.edu.br/floriano/floriano_4822.jpg
Qual local lhe parece mais...?,http://socientize.lsd.ufcg.edu.br/floriano/floriano_4222.jpg,http://socientize.lsd.ufcg.edu.br/rodrigues/rodrigues_982.jpg
Qual local lhe parece mais...?,http://socientize.lsd.ufcg.edu.br/floriano/floriano_6842.jpg,http://socientize.lsd.ufcg.edu.br/floriano/floriano_7842.jpg
Qual local lhe parece mais...?,http://socientize.lsd.ufcg.edu.br/rodrigues/rodrigues_502.jpg,http://socientize.lsd.ufcg.edu.br/almirante/almirante_1522.jpg
Qual local lhe parece mais...?,http://socientize.lsd.ufcg.edu.br/floriano/floriano_8622.jpg,http://socientize.lsd.ufcg.edu.br/almirante/almirante_2202.jpg
Qual local lhe parece mais...?,http://socientize.lsd.ufcg.edu.br/almirante/almirante_1862.jpg,http://socientize.lsd.ufcg.edu.br/floriano/floriano_6302.jpg
Qual local lhe parece mais...?,http://socientize.lsd.ufcg.edu.br/floriano/floriano_822.jpg,http://socientize.lsd.ufcg.edu.br/almirante/almirante_282.jpg
Qual local lhe parece mais...?,http://socientize.lsd.ufcg.edu.br/floriano/floriano_4262.jpg,http://socientize.lsd.ufcg.edu.br/floriano/floriano_7642.jpg
Qual local lhe parece mais...?,http://socientize.lsd.ufcg.edu.br/almirante/almirante_1542.jpg,http://socientize.lsd.ufcg.edu.br/almirante/almirante_1102.jpg
Qual local lhe parece mais...?,http://socientize.lsd.ufcg.edu.br/almirante/almirante_922.jpg,http://socientize.lsd.ufcg.edu.br/floriano/floriano_1242.jpg
Qual local lhe parece mais...?,http://socientize.lsd.ufcg.edu.br/almirante/almirante_1682.jpg,http://socientize.lsd.ufcg.edu.br/rodrigues/rodrigues_2.jpg
Qual local lhe parece mais...?,http://socientize.lsd.ufcg.edu.br/rodrigues/rodrigues_1162.jpg,http://socientize.lsd.ufcg.edu.br/almirante/almirante_782.jpg
Qual local lhe parece mais...?,http://socientize.lsd.ufcg.edu.br/floriano/floriano_3002.jpg,http://socientize.lsd.ufcg.edu.br/rodrigues/rodrigues_682.jpg
Qual local lhe parece mais...?,http://socientize.lsd.ufcg.edu.br/floriano/floriano_5942.jpg,http://socientize.lsd.ufcg.edu.br/floriano/floriano_8742.jpg
Qual local lhe parece mais...?,http://socientize.lsd.ufcg.edu.br/almirante/almirante_762.jpg,http://socientize.lsd.ufcg.edu.br/rodrigues/rodrigues_382.jpg
Qual local lhe parece mais...?,http://socientize.lsd.ufcg.edu.br/almirante/almirante_1322.jpg,http://socientize.lsd.ufcg.edu.br/rodrigues/rodrigues_322.jpg
Qual local lhe parece mais...?,http://socientize.lsd.ufcg.edu.br/rodrigues/rodrigues_1442.jpg,http://socientize.lsd.ufcg.edu.br/almirante/almirante_2022.jpg
Qual local lhe parece mais...?,http://socientize.lsd.ufcg.edu.br/almirante/almirante_282.jpg,http://socientize.lsd.ufcg.edu.br/rodrigues/rodrigues_102.jpg
Qual local lhe parece mais...?,http://socientize.lsd.ufcg.edu.br/rodrigues/rodrigues_1922.jpg,http://socientize.lsd.ufcg.edu.br/floriano/floriano_8782.jpg
Qual local lhe parece mais...?,http://socientize.lsd.ufcg.edu.br/almirante/almirante_182.jpg,http://socientize.lsd.ufcg.edu.br/floriano/floriano_4122.jpg
Qual local lhe parece mais...?,http://socientize.lsd.ufcg.edu.br/almirante/almirante_142.jpg,http://socientize.lsd.ufcg.edu.br/floriano/floriano_62.jpg
Qual local lhe parece mais...?,http://socientize.lsd.ufcg.edu.br/rodrigues/rodrigues_662.jpg,http://socientize.lsd.ufcg.edu.br/almirante/almirante_1362.jpg
Qual local lhe parece mais...?,http://socientize.lsd.ufcg.edu.br/almirante/almirante_2.jpg,http://socientize.lsd.ufcg.edu.br/floriano/floriano_6542.jpg
Qual local lhe parece mais...?,http://socientize.lsd.ufcg.edu.br/floriano/floriano_7882.jpg,http://socientize.lsd.ufcg.edu.br/rodrigues/rodrigues_1762.jpg
Qual local lhe parece mais...?,http://socientize.lsd.ufcg.edu.br/floriano/floriano_1402.jpg,http://socientize.lsd.ufcg.edu.br/almirante/almirante_742.jpg
Qual local lhe parece mais...?,http://socientize.lsd.ufcg.edu.br/almirante/almirante_2042.jpg,http://socientize.lsd.ufcg.edu.br/floriano/floriano_7082.jpg
Qual local lhe parece mais...?,http://socientize.lsd.ufcg.edu.br/floriano/floriano_5662.jpg,http://socientize.lsd.ufcg.edu.br/floriano/floriano_4542.jpg
Qual local lhe parece mais...?,http://socientize.lsd.ufcg.edu.br/rodrigues/rodrigues_862.jpg,http://socientize.lsd.ufcg.edu.br/almirante/almirante_1062.jpg
Qual local lhe parece mais...?,http://socientize.lsd.ufcg.edu.br/floriano/floriano_2282.jpg,http://socientize.lsd.ufcg.edu.br/almirante/almirante_1422.jpg
Qual local lhe parece mais...?,http://socientize.lsd.ufcg.edu.br/floriano/floriano_6682.jpg,http://socientize.lsd.ufcg.edu.br/floriano/floriano_4522.jpg
Qual local lhe parece mais...?,http://socientize.lsd.ufcg.edu.br/almirante/almirante_602.jpg,http://socientize.lsd.ufcg.edu.br/floriano/floriano_5542.jpg
Qual local lhe parece mais...?,http://socientize.lsd.ufcg.edu.br/floriano/floriano_5822.jpg,http://socientize.lsd.ufcg.edu.br/floriano/floriano_1442.jpg
Qual local lhe parece mais...?,http://socientize.lsd.ufcg.edu.br/floriano/floriano_2242.jpg,http://socientize.lsd.ufcg.edu.br/floriano/floriano_1302.jpg
Qual local lhe parece mais...?,http://socientize.lsd.ufcg.edu.br/rodrigues/rodrigues_222.jpg,http://socientize.lsd.ufcg.edu.br/rodrigues/rodrigues_62.jpg
Qual local lhe parece mais...?,http://socientize.lsd.ufcg.edu.br/floriano/floriano_7822.jpg,http://socientize.lsd.ufcg.edu.br/rodrigues/rodrigues_1862.jpg
Qual local lhe parece mais...?,http://socientize.lsd.ufcg.edu.br/rodrigues/rodrigues_22.jpg,http://socientize.lsd.ufcg.edu.br/floriano/floriano_8282.jpg
Qual local lhe parece mais...?,http://socientize.lsd.ufcg.edu.br/rodrigues/rodrigues_1222.jpg,http://socientize.lsd.ufcg.edu.br/floriano/floriano_6862.jpg
Qual local lhe parece mais...?,http://socientize.lsd.ufcg.edu.br/rodrigues/rodrigues_1862.jpg,http://socientize.lsd.ufcg.edu.br/almirante/almirante_22.jpg
Qual local lhe parece mais...?,http://socientize.lsd.ufcg.edu.br/almirante/almirante_1982.jpg,http://socientize.lsd.ufcg.edu.br/rodrigues/rodrigues_702.jpg
Qual local lhe parece mais...?,http://socientize.lsd.ufcg.edu.br/floriano/floriano_862.jpg,http://socientize.lsd.ufcg.edu.br/almirante/almirante_1162.jpg
Qual local lhe parece mais...?,http://socientize.lsd.ufcg.edu.br/almirante/almirante_262.jpg,http://socientize.lsd.ufcg.edu.br/rodrigues/rodrigues_1502.jpg
Qual local lhe parece mais...?,http://socientize.lsd.ufcg.edu.br/almirante/almirante_1182.jpg,http://socientize.lsd.ufcg.edu.br/almirante/almirante_1022.jpg
Qual local lhe parece mais...?,http://socientize.lsd.ufcg.edu.br/floriano/floriano_5142.jpg,http://socientize.lsd.ufcg.edu.br/floriano/floriano_6722.jpg
Qual local lhe parece mais...?,http://socientize.lsd.ufcg.edu.br/rodrigues/rodrigues_1202.jpg,http://socientize.lsd.ufcg.edu.br/rodrigues/rodrigues_982.jpg
Qual local lhe parece mais...?,http://socientize.lsd.ufcg.edu.br/rodrigues/rodrigues_642.jpg,http://socientize.lsd.ufcg.edu.br/rodrigues/rodrigues_1602.jpg
Qual local lhe parece mais...?,http://socientize.lsd.ufcg.edu.br/floriano/floriano_3422.jpg,http://socientize.lsd.ufcg.edu.br/rodrigues/rodrigues_802.jpg
Qual local lhe parece mais...?,http://socientize.lsd.ufcg.edu.br/floriano/floriano_4622.jpg,http://socientize.lsd.ufcg.edu.br/floriano/floriano_8582.jpg
Qual local lhe parece mais...?,http://socientize.lsd.ufcg.edu.br/almirante/almirante_222.jpg,http://socientize.lsd.ufcg.edu.br/floriano/floriano_6882.jpg
Qual local lhe parece mais...?,http://socientize.lsd.ufcg.edu.br/floriano/floriano_2562.jpg,http://socientize.lsd.ufcg.edu.br/rodrigues/rodrigues_1062.jpg
Qual local lhe parece mais...?,http://socientize.lsd.ufcg.edu.br/floriano/floriano_6182.jpg,http://socientize.lsd.ufcg.edu.br/floriano/floriano_2262.jpg
Qual local lhe parece mais...?,http://socientize.lsd.ufcg.edu.br/almirante/almirante_462.jpg,http://socientize.lsd.ufcg.edu.br/floriano/floriano_4642.jpg
Qual local lhe parece mais...?,http://socientize.lsd.ufcg.edu.br/rodrigues/rodrigues_42.jpg,http://socientize.lsd.ufcg.edu.br/floriano/floriano_5662.jpg
Qual local lhe parece mais...?,http://socientize.lsd.ufcg.edu.br/rodrigues/rodrigues_1702.jpg,http://socientize.lsd.ufcg.edu.br/almirante/almirante_162.jpg
Qual local lhe parece mais...?,http://socientize.lsd.ufcg.edu.br/rodrigues/rodrigues_1202.jpg,http://socientize.lsd.ufcg.edu.br/almirante/almirante_662.jpg
Qual local lhe parece mais...?,http://socientize.lsd.ufcg.edu.br/almirante/almirante_2122.jpg,http://socientize.lsd.ufcg.edu.br/almirante/almirante_1522.jpg
Qual local lhe parece mais...?,http://socientize.lsd.ufcg.edu.br/floriano/floriano_8122.jpg,http://socientize.lsd.ufcg.edu.br/almirante/almirante_1302.jpg
Qual local lhe parece mais...?,http://socientize.lsd.ufcg.edu.br/rodrigues/rodrigues_2.jpg,http://socientize.lsd.ufcg.edu.br/almirante/almirante_1562.jpg
Qual local lhe parece mais...?,http://socientize.lsd.ufcg.edu.br/almirante/almirante_2002.jpg,http://socientize.lsd.ufcg.edu.br/rodrigues/rodrigues_382.jpg
Qual local lhe parece mais...?,http://socientize.lsd.ufcg.edu.br/rodrigues/rodrigues_422.jpg,http://socientize.lsd.ufcg.edu.br/floriano/floriano_7502.jpg
Qual local lhe parece mais...?,http://socientize.lsd.ufcg.edu.br/rodrigues/rodrigues_1022.jpg,http://socientize.lsd.ufcg.edu.br/floriano/floriano_4122.jpg
Qual local lhe parece mais...?,http://socientize.lsd.ufcg.edu.br/floriano/floriano_6442.jpg,http://socientize.lsd.ufcg.edu.br/floriano/floriano_2862.jpg
Qual local lhe parece mais...?,http://socientize.lsd.ufcg.edu.br/almirante/almirante_1522.jpg,http://socientize.lsd.ufcg.edu.br/almirante/almirante_1202.jpg
Qual local lhe parece mais...?,http://socientize.lsd.ufcg.edu.br/floriano/floriano_7742.jpg,http://socientize.lsd.ufcg.edu.br/floriano/floriano_302.jpg
Qual local lhe parece mais...?,http://socientize.lsd.ufcg.edu.br/floriano/floriano_4542.jpg,http://socientize.lsd.ufcg.edu.br/floriano/floriano_5162.jpg
Qual local lhe parece mais...?,http://socientize.lsd.ufcg.edu.br/almirante/almirante_402.jpg,http://socientize.lsd.ufcg.edu.br/rodrigues/rodrigues_402.jpg
Qual local lhe parece mais...?,http://socientize.lsd.ufcg.edu.br/floriano/floriano_6022.jpg,http://socientize.lsd.ufcg.edu.br/almirante/almirante_562.jpg
Qual local lhe parece mais...?,http://socientize.lsd.ufcg.edu.br/almirante/almirante_942.jpg,http://socientize.lsd.ufcg.edu.br/floriano/floriano_2982.jpg
Qual local lhe parece mais...?,http://socientize.lsd.ufcg.edu.br/almirante/almirante_1222.jpg,http://socientize.lsd.ufcg.edu.br/floriano/floriano_6362.jpg
Qual local lhe parece mais...?,http://socientize.lsd.ufcg.edu.br/floriano/floriano_2202.jpg,http://socientize.lsd.ufcg.edu.br/almirante/almirante_2062.jpg
Qual local lhe parece mais...?,http://socientize.lsd.ufcg.edu.br/floriano/floriano_9002.jpg,http://socientize.lsd.ufcg.edu.br/rodrigues/rodrigues_962.jpg
Qual local lhe parece mais...?,http://socientize.lsd.ufcg.edu.br/rodrigues/rodrigues_482.jpg,http://socientize.lsd.ufcg.edu.br/rodrigues/rodrigues_942.jpg
Qual local lhe parece mais...?,http://socientize.lsd.ufcg.edu.br/rodrigues/rodrigues_1802.jpg,http://socientize.lsd.ufcg.edu.br/rodrigues/rodrigues_1262.jpg
Qual local lhe parece mais...?,http://socientize.lsd.ufcg.edu.br/almirante/almirante_1562.jpg,http://socientize.lsd.ufcg.edu.br/almirante/almirante_2122.jpg
Qual local lhe parece mais...?,http://socientize.lsd.ufcg.edu.br/rodrigues/rodrigues_542.jpg,http://socientize.lsd.ufcg.edu.br/floriano/floriano_1562.jpg
Qual local lhe parece mais...?,http://socientize.lsd.ufcg.edu.br/almirante/almirante_1422.jpg,http://socientize.lsd.ufcg.edu.br/floriano/floriano_982.jpg
Qual local lhe parece mais...?,http://socientize.lsd.ufcg.edu.br/floriano/floriano_1462.jpg,http://socientize.lsd.ufcg.edu.br/almirante/almirante_1702.jpg
Qual local lhe parece mais...?,http://socientize.lsd.ufcg.edu.br/floriano/floriano_2002.jpg,http://socientize.lsd.ufcg.edu.br/rodrigues/rodrigues_322.jpg
Qual local lhe parece mais...?,http://socientize.lsd.ufcg.edu.br/almirante/almirante_882.jpg,http://socientize.lsd.ufcg.edu.br/rodrigues/rodrigues_802.jpg
Qual local lhe parece mais...?,http://socientize.lsd.ufcg.edu.br/floriano/floriano_142.jpg,http://socientize.lsd.ufcg.edu.br/rodrigues/rodrigues_462.jpg
Qual local lhe parece mais...?,http://socientize.lsd.ufcg.edu.br/rodrigues/rodrigues_62.jpg,http://socientize.lsd.ufcg.edu.br/floriano/floriano_682.jpg
Qual local lhe parece mais...?,http://socientize.lsd.ufcg.edu.br/almirante/almirante_1642.jpg,http://socientize.lsd.ufcg.edu.br/rodrigues/rodrigues_1662.jpg
Qual local lhe parece mais...?,http://socientize.lsd.ufcg.edu.br/floriano/floriano_7982.jpg,http://socientize.lsd.ufcg.edu.br/rodrigues/rodrigues_1382.jpg
Qual local lhe parece mais...?,http://socientize.lsd.ufcg.edu.br/rodrigues/rodrigues_782.jpg,http://socientize.lsd.ufcg.edu.br/floriano/floriano_5122.jpg
Qual local lhe parece mais...?,http://socientize.lsd.ufcg.edu.br/almirante/almirante_222.jpg,http://socientize.lsd.ufcg.edu.br/almirante/almirante_1882.jpg
Qual local lhe parece mais...?,http://socientize.lsd.ufcg.edu.br/almirante/almirante_342.jpg,http://socientize.lsd.ufcg.edu.br/rodrigues/rodrigues_342.jpg
Qual local lhe parece mais...?,http://socientize.lsd.ufcg.edu.br/rodrigues/rodrigues_202.jpg,http://socientize.lsd.ufcg.edu.br/almirante/almirante_1302.jpg
Qual local lhe parece mais...?,http://socientize.lsd.ufcg.edu.br/almirante/almirante_802.jpg,http://socientize.lsd.ufcg.edu.br/almirante/almirante_842.jpg
Qual local lhe parece mais...?,http://socientize.lsd.ufcg.edu.br/rodrigues/rodrigues_1582.jpg,http://socientize.lsd.ufcg.edu.br/rodrigues/rodrigues_682.jpg
Qual local lhe parece mais...?,http://socientize.lsd.ufcg.edu.br/almirante/almirante_1802.jpg,http://socientize.lsd.ufcg.edu.br/almirante/almirante_162.jpg
Qual local lhe parece mais...?,http://socientize.lsd.ufcg.edu.br/rodrigues/rodrigues_1442.jpg,http://socientize.lsd.ufcg.edu.br/almirante/almirante_702.jpg
Qual local lhe parece mais...?,http://socientize.lsd.ufcg.edu.br/almirante/almirante_1782.jpg,http://socientize.lsd.ufcg.edu.br/floriano/floriano_8702.jpg
Qual local lhe parece mais...?,http://socientize.lsd.ufcg.edu.br/rodrigues/rodrigues_822.jpg,http://socientize.lsd.ufcg.edu.br/rodrigues/rodrigues_742.jpg
Qual local lhe parece mais...?,http://socientize.lsd.ufcg.edu.br/floriano/floriano_4462.jpg,http://socientize.lsd.ufcg.edu.br/floriano/floriano_5022.jpg
Qual local lhe parece mais...?,http://socientize.lsd.ufcg.edu.br/floriano/floriano_1162.jpg,http://socientize.lsd.ufcg.edu.br/rodrigues/rodrigues_1162.jpg
Qual local lhe parece mais...?,http://socientize.lsd.ufcg.edu.br/floriano/floriano_8422.jpg,http://socientize.lsd.ufcg.edu.br/floriano/floriano_162.jpg
Qual local lhe parece mais...?,http://socientize.lsd.ufcg.edu.br/almirante/almirante_1202.jpg,http://socientize.lsd.ufcg.edu.br/rodrigues/rodrigues_1922.jpg
Qual local lhe parece mais...?,http://socientize.lsd.ufcg.edu.br/rodrigues/rodrigues_322.jpg,http://socientize.lsd.ufcg.edu.br/almirante/almirante_1242.jpg
Qual local lhe parece mais...?,http://socientize.lsd.ufcg.edu.br/almirante/almirante_2122.jpg,http://socientize.lsd.ufcg.edu.br/almirante/almirante_2162.jpg
Qual local lhe parece mais...?,http://socientize.lsd.ufcg.edu.br/floriano/floriano_2302.jpg,http://socientize.lsd.ufcg.edu.br/floriano/floriano_9002.jpg
Qual local lhe parece mais...?,http://socientize.lsd.ufcg.edu.br/rodrigues/rodrigues_222.jpg,http://socientize.lsd.ufcg.edu.br/floriano/floriano_6362.jpg
Qual local lhe parece mais...?,http://socientize.lsd.ufcg.edu.br/rodrigues/rodrigues_502.jpg,http://socientize.lsd.ufcg.edu.br/rodrigues/rodrigues_1182.jpg
Qual local lhe parece mais...?,http://socientize.lsd.ufcg.edu.br/floriano/floriano_6222.jpg,http://socientize.lsd.ufcg.edu.br/rodrigues/rodrigues_1842.jpg
Qual local lhe parece mais...?,http://socientize.lsd.ufcg.edu.br/rodrigues/rodrigues_1582.jpg,http://socientize.lsd.ufcg.edu.br/floriano/floriano_3982.jpg
Qual local lhe parece mais...?,http://socientize.lsd.ufcg.edu.br/rodrigues/rodrigues_982.jpg,http://socientize.lsd.ufcg.edu.br/almirante/almirante_1762.jpg
Qual local lhe parece mais...?,http://socientize.lsd.ufcg.edu.br/rodrigues/rodrigues_622.jpg,http://socientize.lsd.ufcg.edu.br/almirante/almirante_102.jpg
Qual local lhe parece mais...?,http://socientize.lsd.ufcg.edu.br/floriano/floriano_8142.jpg,http://socientize.lsd.ufcg.edu.br/floriano/floriano_2642.jpg
Qual local lhe parece mais...?,http://socientize.lsd.ufcg.edu.br/floriano/floriano_8842.jpg,http://socientize.lsd.ufcg.edu.br/almirante/almirante_242.jpg
Qual local lhe parece mais...?,http://socientize.lsd.ufcg.edu.br/rodrigues/rodrigues_502.jpg,http://socientize.lsd.ufcg.edu.br/floriano/floriano_7082.jpg
Qual local lhe parece mais...?,http://socientize.lsd.ufcg.edu.br/floriano/floriano_7322.jpg,http://socientize.lsd.ufcg.edu.br/floriano/floriano_4582.jpg
Qual local lhe parece mais...?,http://socientize.lsd.ufcg.edu.br/almirante/almirante_362.jpg,http://socientize.lsd.ufcg.edu.br/almirante/almirante_902.jpg
Qual local lhe parece mais...?,http://socientize.lsd.ufcg.edu.br/rodrigues/rodrigues_1942.jpg,http://socientize.lsd.ufcg.edu.br/floriano/floriano_4382.jpg
Qual local lhe parece mais...?,http://socientize.lsd.ufcg.edu.br/almirante/almirante_1002.jpg,http://socientize.lsd.ufcg.edu.br/rodrigues/rodrigues_942.jpg
Qual local lhe parece mais...?,http://socientize.lsd.ufcg.edu.br/rodrigues/rodrigues_202.jpg,http://socientize.lsd.ufcg.edu.br/rodrigues/rodrigues_182.jpg
Qual local lhe parece mais...?,http://socientize.lsd.ufcg.edu.br/rodrigues/rodrigues_1642.jpg,http://socientize.lsd.ufcg.edu.br/almirante/almirante_342.jpg
Qual local lhe parece mais...?,http://socientize.lsd.ufcg.edu.br/almirante/almirante_1422.jpg,http://socientize.lsd.ufcg.edu.br/almirante/almirante_1982.jpg
Qual local lhe parece mais...?,http://socientize.lsd.ufcg.edu.br/rodrigues/rodrigues_1462.jpg,http://socientize.lsd.ufcg.edu.br/almirante/almirante_1322.jpg
Qual local lhe parece mais...?,http://socientize.lsd.ufcg.edu.br/rodrigues/rodrigues_202.jpg,http://socientize.lsd.ufcg.edu.br/floriano/floriano_1562.jpg
Qual local lhe parece mais...?,http://socientize.lsd.ufcg.edu.br/floriano/floriano_1062.jpg,http://socientize.lsd.ufcg.edu.br/rodrigues/rodrigues_1082.jpg
Qual local lhe parece mais...?,http://socientize.lsd.ufcg.edu.br/rodrigues/rodrigues_922.jpg,http://socientize.lsd.ufcg.edu.br/almirante/almirante_1422.jpg
Qual local lhe parece mais...?,http://socientize.lsd.ufcg.edu.br/floriano/floriano_4062.jpg,http://socientize.lsd.ufcg.edu.br/almirante/almirante_142.jpg
Qual local lhe parece mais...?,http://socientize.lsd.ufcg.edu.br/almirante/almirante_1062.jpg,http://socientize.lsd.ufcg.edu.br/rodrigues/rodrigues_1722.jpg
Qual local lhe parece mais...?,http://socientize.lsd.ufcg.edu.br/floriano/floriano_8962.jpg,http://socientize.lsd.ufcg.edu.br/almirante/almirante_502.jpg
Qual local lhe parece mais...?,http://socientize.lsd.ufcg.edu.br/rodrigues/rodrigues_102.jpg,http://socientize.lsd.ufcg.edu.br/almirante/almirante_2122.jpg
Qual local lhe parece mais...?,http://socientize.lsd.ufcg.edu.br/floriano/floriano_5302.jpg,http://socientize.lsd.ufcg.edu.br/rodrigues/rodrigues_1882.jpg
Qual local lhe parece mais...?,http://socientize.lsd.ufcg.edu.br/rodrigues/rodrigues_1202.jpg,http://socientize.lsd.ufcg.edu.br/almirante/almirante_1262.jpg
Qual local lhe parece mais...?,http://socientize.lsd.ufcg.edu.br/floriano/floriano_6942.jpg,http://socientize.lsd.ufcg.edu.br/rodrigues/rodrigues_1002.jpg
Qual local lhe parece mais...?,http://socientize.lsd.ufcg.edu.br/almirante/almirante_22.jpg,http://socientize.lsd.ufcg.edu.br/rodrigues/rodrigues_1782.jpg
Qual local lhe parece mais...?,http://socientize.lsd.ufcg.edu.br/rodrigues/rodrigues_202.jpg,http://socientize.lsd.ufcg.edu.br/almirante/almirante_1142.jpg
Qual local lhe parece mais...?,http://socientize.lsd.ufcg.edu.br/rodrigues/rodrigues_862.jpg,http://socientize.lsd.ufcg.edu.br/almirante/almirante_1802.jpg
Qual local lhe parece mais...?,http://socientize.lsd.ufcg.edu.br/rodrigues/rodrigues_862.jpg,http://socientize.lsd.ufcg.edu.br/rodrigues/rodrigues_1282.jpg
Qual local lhe parece mais...?,http://socientize.lsd.ufcg.edu.br/floriano/floriano_1642.jpg,http://socientize.lsd.ufcg.edu.br/floriano/floriano_7542.jpg
Qual local lhe parece mais...?,http://socientize.lsd.ufcg.edu.br/rodrigues/rodrigues_1562.jpg,http://socientize.lsd.ufcg.edu.br/almirante/almirante_1702.jpg
Qual local lhe parece mais...?,http://socientize.lsd.ufcg.edu.br/floriano/floriano_2802.jpg,http://socientize.lsd.ufcg.edu.br/almirante/almirante_1802.jpg
Qual local lhe parece mais...?,http://socientize.lsd.ufcg.edu.br/rodrigues/rodrigues_102.jpg,http://socientize.lsd.ufcg.edu.br/floriano/floriano_2242.jpg
Qual local lhe parece mais...?,http://socientize.lsd.ufcg.edu.br/almirante/almirante_2062.jpg,http://socientize.lsd.ufcg.edu.br/rodrigues/rodrigues_342.jpg
Qual local lhe parece mais...?,http://socientize.lsd.ufcg.edu.br/almirante/almirante_1002.jpg,http://socientize.lsd.ufcg.edu.br/almirante/almirante_1342.jpg
Qual local lhe parece mais...?,http://socientize.lsd.ufcg.edu.br/floriano/floriano_3342.jpg,http://socientize.lsd.ufcg.edu.br/almirante/almirante_862.jpg
Qual local lhe parece mais...?,http://socientize.lsd.ufcg.edu.br/rodrigues/rodrigues_142.jpg,http://socientize.lsd.ufcg.edu.br/floriano/floriano_7482.jpg
Qual local lhe parece mais...?,http://socientize.lsd.ufcg.edu.br/floriano/floriano_8962.jpg,http://socientize.lsd.ufcg.edu.br/floriano/floriano_4322.jpg
Qual local lhe parece mais...?,http://socientize.lsd.ufcg.edu.br/almirante/almirante_82.jpg,http://socientize.lsd.ufcg.edu.br/rodrigues/rodrigues_1262.jpg
Qual local lhe parece mais...?,http://socientize.lsd.ufcg.edu.br/almirante/almirante_1282.jpg,http://socientize.lsd.ufcg.edu.br/rodrigues/rodrigues_42.jpg
Qual local lhe parece mais...?,http://socientize.lsd.ufcg.edu.br/rodrigues/rodrigues_862.jpg,http://socientize.lsd.ufcg.edu.br/floriano/floriano_8362.jpg
Qual local lhe parece mais...?,http://socientize.lsd.ufcg.edu.br/rodrigues/rodrigues_182.jpg,http://socientize.lsd.ufcg.edu.br/almirante/almirante_2042.jpg
Qual local lhe parece mais...?,http://socientize.lsd.ufcg.edu.br/almirante/almirante_1462.jpg,http://socientize.lsd.ufcg.edu.br/floriano/floriano_8422.jpg
Qual local lhe parece mais...?,http://socientize.lsd.ufcg.edu.br/rodrigues/rodrigues_1502.jpg,http://socientize.lsd.ufcg.edu.br/almirante/almirante_1502.jpg
Qual local lhe parece mais...?,http://socientize.lsd.ufcg.edu.br/almirante/almirante_1562.jpg,http://socientize.lsd.ufcg.edu.br/almirante/almirante_742.jpg
Qual local lhe parece mais...?,http://socientize.lsd.ufcg.edu.br/rodrigues/rodrigues_1742.jpg,http://socientize.lsd.ufcg.edu.br/almirante/almirante_1882.jpg
Qual local lhe parece mais...?,http://socientize.lsd.ufcg.edu.br/almirante/almirante_1142.jpg,http://socientize.lsd.ufcg.edu.br/floriano/floriano_7102.jpg
Qual local lhe parece mais...?,http://socientize.lsd.ufcg.edu.br/almirante/almirante_182.jpg,http://socientize.lsd.ufcg.edu.br/floriano/floriano_8722.jpg
Qual local lhe parece mais...?,http://socientize.lsd.ufcg.edu.br/almirante/almirante_762.jpg,http://socientize.lsd.ufcg.edu.br/almirante/almirante_362.jpg
Qual local lhe parece mais...?,http://socientize.lsd.ufcg.edu.br/rodrigues/rodrigues_1042.jpg,http://socientize.lsd.ufcg.edu.br/floriano/floriano_6582.jpg
Qual local lhe parece mais...?,http://socientize.lsd.ufcg.edu.br/almirante/almirante_2082.jpg,http://socientize.lsd.ufcg.edu.br/floriano/floriano_6602.jpg
Qual local lhe parece mais...?,http://socientize.lsd.ufcg.edu.br/floriano/floriano_8562.jpg,http://socientize.lsd.ufcg.edu.br/almirante/almirante_1622.jpg
Qual local lhe parece mais...?,http://socientize.lsd.ufcg.edu.br/floriano/floriano_1022.jpg,http://socientize.lsd.ufcg.edu.br/almirante/almirante_802.jpg
Qual local lhe parece mais...?,http://socientize.lsd.ufcg.edu.br/almirante/almirante_1442.jpg,http://socientize.lsd.ufcg.edu.br/floriano/floriano_7262.jpg
Qual local lhe parece mais...?,http://socientize.lsd.ufcg.edu.br/floriano/floriano_4422.jpg,http://socientize.lsd.ufcg.edu.br/almirante/almirante_62.jpg
Qual local lhe parece mais...?,http://socientize.lsd.ufcg.edu.br/almirante/almirante_902.jpg,http://socientize.lsd.ufcg.edu.br/floriano/floriano_7082.jpg
Qual local lhe parece mais...?,http://socientize.lsd.ufcg.edu.br/almirante/almirante_1482.jpg,http://socientize.lsd.ufcg.edu.br/almirante/almirante_2062.jpg
Qual local lhe parece mais...?,http://socientize.lsd.ufcg.edu.br/rodrigues/rodrigues_1062.jpg,http://socientize.lsd.ufcg.edu.br/rodrigues/rodrigues_102.jpg
Qual local lhe parece mais...?,http://socientize.lsd.ufcg.edu.br/rodrigues/rodrigues_862.jpg,http://socientize.lsd.ufcg.edu.br/almirante/almirante_142.jpg
Qual local lhe parece mais...?,http://socientize.lsd.ufcg.edu.br/almirante/almirante_482.jpg,http://socientize.lsd.ufcg.edu.br/almirante/almirante_502.jpg
Qual local lhe parece mais...?,http://socientize.lsd.ufcg.edu.br/almirante/almirante_862.jpg,http://socientize.lsd.ufcg.edu.br/floriano/floriano_4102.jpg
Qual local lhe parece mais...?,http://socientize.lsd.ufcg.edu.br/rodrigues/rodrigues_1742.jpg,http://socientize.lsd.ufcg.edu.br/almirante/almirante_2182.jpg
Qual local lhe parece mais...?,http://socientize.lsd.ufcg.edu.br/rodrigues/rodrigues_922.jpg,http://socientize.lsd.ufcg.edu.br/floriano/floriano_562.jpg
Qual local lhe parece mais...?,http://socientize.lsd.ufcg.edu.br/rodrigues/rodrigues_502.jpg,http://socientize.lsd.ufcg.edu.br/rodrigues/rodrigues_1882.jpg
Qual local lhe parece mais...?,http://socientize.lsd.ufcg.edu.br/rodrigues/rodrigues_1042.jpg,http://socientize.lsd.ufcg.edu.br/almirante/almirante_222.jpg
Qual local lhe parece mais...?,http://socientize.lsd.ufcg.edu.br/almirante/almirante_142.jpg,http://socientize.lsd.ufcg.edu.br/almirante/almirante_1302.jpg
Qual local lhe parece mais...?,http://socientize.lsd.ufcg.edu.br/rodrigues/rodrigues_1342.jpg,http://socientize.lsd.ufcg.edu.br/floriano/floriano_8122.jpg
Qual local lhe parece mais...?,http://socientize.lsd.ufcg.edu.br/rodrigues/rodrigues_422.jpg,http://socientize.lsd.ufcg.edu.br/rodrigues/rodrigues_1502.jpg
Qual local lhe parece mais...?,http://socientize.lsd.ufcg.edu.br/floriano/floriano_2082.jpg,http://socientize.lsd.ufcg.edu.br/floriano/floriano_6122.jpg
Qual local lhe parece mais...?,http://socientize.lsd.ufcg.edu.br/almirante/almirante_2082.jpg,http://socientize.lsd.ufcg.edu.br/floriano/floriano_4722.jpg
Qual local lhe parece mais...?,http://socientize.lsd.ufcg.edu.br/almirante/almirante_642.jpg,http://socientize.lsd.ufcg.edu.br/rodrigues/rodrigues_1942.jpg
Qual local lhe parece mais...?,http://socientize.lsd.ufcg.edu.br/rodrigues/rodrigues_822.jpg,http://socientize.lsd.ufcg.edu.br/almirante/almirante_1062.jpg
Qual local lhe parece mais...?,http://socientize.lsd.ufcg.edu.br/floriano/floriano_4942.jpg,http://socientize.lsd.ufcg.edu.br/almirante/almirante_342.jpg
Qual local lhe parece mais...?,http://socientize.lsd.ufcg.edu.br/almirante/almirante_1362.jpg,http://socientize.lsd.ufcg.edu.br/floriano/floriano_6302.jpg
Qual local lhe parece mais...?,http://socientize.lsd.ufcg.edu.br/almirante/almirante_1942.jpg,http://socientize.lsd.ufcg.edu.br/almirante/almirante_722.jpg
Qual local lhe parece mais...?,http://socientize.lsd.ufcg.edu.br/almirante/almirante_262.jpg,http://socientize.lsd.ufcg.edu.br/floriano/floriano_6142.jpg
Qual local lhe parece mais...?,http://socientize.lsd.ufcg.edu.br/rodrigues/rodrigues_1362.jpg,http://socientize.lsd.ufcg.edu.br/rodrigues/rodrigues_1382.jpg
Qual local lhe parece mais...?,http://socientize.lsd.ufcg.edu.br/floriano/floriano_2842.jpg,http://socientize.lsd.ufcg.edu.br/almirante/almirante_42.jpg
Qual local lhe parece mais...?,http://socientize.lsd.ufcg.edu.br/floriano/floriano_4402.jpg,http://socientize.lsd.ufcg.edu.br/floriano/floriano_2942.jpg
Qual local lhe parece mais...?,http://socientize.lsd.ufcg.edu.br/almirante/almirante_782.jpg,http://socientize.lsd.ufcg.edu.br/rodrigues/rodrigues_1602.jpg
Qual local lhe parece mais...?,http://socientize.lsd.ufcg.edu.br/rodrigues/rodrigues_162.jpg,http://socientize.lsd.ufcg.edu.br/floriano/floriano_1722.jpg
Qual local lhe parece mais...?,http://socientize.lsd.ufcg.edu.br/floriano/floriano_2102.jpg,http://socientize.lsd.ufcg.edu.br/almirante/almirante_1702.jpg
Qual local lhe parece mais...?,http://socientize.lsd.ufcg.edu.br/floriano/floriano_2842.jpg,http://socientize.lsd.ufcg.edu.br/almirante/almirante_2042.jpg
Qual local lhe parece mais...?,http://socientize.lsd.ufcg.edu.br/floriano/floriano_3302.jpg,http://socientize.lsd.ufcg.edu.br/floriano/floriano_7382.jpg
Qual local lhe parece mais...?,http://socientize.lsd.ufcg.edu.br/floriano/floriano_1422.jpg,http://socientize.lsd.ufcg.edu.br/rodrigues/rodrigues_1242.jpg
Qual local lhe parece mais...?,http://socientize.lsd.ufcg.edu.br/almirante/almirante_1622.jpg,http://socientize.lsd.ufcg.edu.br/rodrigues/rodrigues_1522.jpg
Qual local lhe parece mais...?,http://socientize.lsd.ufcg.edu.br/floriano/floriano_7762.jpg,http://socientize.lsd.ufcg.edu.br/almirante/almirante_1362.jpg
Qual local lhe parece mais...?,http://socientize.lsd.ufcg.edu.br/almirante/almirante_182.jpg,http://socientize.lsd.ufcg.edu.br/floriano/floriano_7962.jpg
Qual local lhe parece mais...?,http://socientize.lsd.ufcg.edu.br/almirante/almirante_1362.jpg,http://socientize.lsd.ufcg.edu.br/almirante/almirante_342.jpg
Qual local lhe parece mais...?,http://socientize.lsd.ufcg.edu.br/almirante/almirante_1162.jpg,http://socientize.lsd.ufcg.edu.br/rodrigues/rodrigues_1542.jpg
Qual local lhe parece mais...?,http://socientize.lsd.ufcg.edu.br/rodrigues/rodrigues_442.jpg,http://socientize.lsd.ufcg.edu.br/almirante/almirante_1582.jpg
Qual local lhe parece mais...?,http://socientize.lsd.ufcg.edu.br/floriano/floriano_8162.jpg,http://socientize.lsd.ufcg.edu.br/almirante/almirante_2162.jpg
Qual local lhe parece mais...?,http://socientize.lsd.ufcg.edu.br/almirante/almirante_442.jpg,http://socientize.lsd.ufcg.edu.br/rodrigues/rodrigues_1942.jpg
Qual local lhe parece mais...?,http://socientize.lsd.ufcg.edu.br/rodrigues/rodrigues_1142.jpg,http://socientize.lsd.ufcg.edu.br/almirante/almirante_282.jpg
Qual local lhe parece mais...?,http://socientize.lsd.ufcg.edu.br/almirante/almirante_642.jpg,http://socientize.lsd.ufcg.edu.br/rodrigues/rodrigues_1622.jpg
Qual local lhe parece mais...?,http://socientize.lsd.ufcg.edu.br/almirante/almirante_1662.jpg,http://socientize.lsd.ufcg.edu.br/almirante/almirante_1742.jpg
Qual local lhe parece mais...?,http://socientize.lsd.ufcg.edu.br/floriano/floriano_5442.jpg,http://socientize.lsd.ufcg.edu.br/almirante/almirante_1422.jpg
Qual local lhe parece mais...?,http://socientize.lsd.ufcg.edu.br/almirante/almirante_1742.jpg,http://socientize.lsd.ufcg.edu.br/rodrigues/rodrigues_62.jpg
Qual local lhe parece mais...?,http://socientize.lsd.ufcg.edu.br/rodrigues/rodrigues_1682.jpg,http://socientize.lsd.ufcg.edu.br/floriano/floriano_1542.jpg
Qual local lhe parece mais...?,http://socientize.lsd.ufcg.edu.br/almirante/almirante_922.jpg,http://socientize.lsd.ufcg.edu.br/rodrigues/rodrigues_1702.jpg
Qual local lhe parece mais...?,http://socientize.lsd.ufcg.edu.br/almirante/almirante_1902.jpg,http://socientize.lsd.ufcg.edu.br/rodrigues/rodrigues_562.jpg
Qual local lhe parece mais...?,http://socientize.lsd.ufcg.edu.br/floriano/floriano_5002.jpg,http://socientize.lsd.ufcg.edu.br/floriano/floriano_5782.jpg
Qual local lhe parece mais...?,http://socientize.lsd.ufcg.edu.br/rodrigues/rodrigues_22.jpg,http://socientize.lsd.ufcg.edu.br/floriano/floriano_2362.jpg
Qual local lhe parece mais...?,http://socientize.lsd.ufcg.edu.br/floriano/floriano_4002.jpg,http://socientize.lsd.ufcg.edu.br/almirante/almirante_1182.jpg
Qual local lhe parece mais...?,http://socientize.lsd.ufcg.edu.br/floriano/floriano_1142.jpg,http://socientize.lsd.ufcg.edu.br/almirante/almirante_2062.jpg
Qual local lhe parece mais...?,http://socientize.lsd.ufcg.edu.br/floriano/floriano_2942.jpg,http://socientize.lsd.ufcg.edu.br/floriano/floriano_3302.jpg
Qual local lhe parece mais...?,http://socientize.lsd.ufcg.edu.br/rodrigues/rodrigues_1762.jpg,http://socientize.lsd.ufcg.edu.br/rodrigues/rodrigues_542.jpg
Qual local lhe parece mais...?,http://socientize.lsd.ufcg.edu.br/floriano/floriano_162.jpg,http://socientize.lsd.ufcg.edu.br/rodrigues/rodrigues_502.jpg
Qual local lhe parece mais...?,http://socientize.lsd.ufcg.edu.br/rodrigues/rodrigues_322.jpg,http://socientize.lsd.ufcg.edu.br/almirante/almirante_1442.jpg
Qual local lhe parece mais...?,http://socientize.lsd.ufcg.edu.br/floriano/floriano_6082.jpg,http://socientize.lsd.ufcg.edu.br/almirante/almirante_582.jpg
Qual local lhe parece mais...?,http://socientize.lsd.ufcg.edu.br/almirante/almirante_1022.jpg,http://socientize.lsd.ufcg.edu.br/almirante/almirante_1102.jpg
Qual local lhe parece mais...?,http://socientize.lsd.ufcg.edu.br/almirante/almirante_2162.jpg,http://socientize.lsd.ufcg.edu.br/almirante/almirante_62.jpg
Qual local lhe parece mais...?,http://socientize.lsd.ufcg.edu.br/floriano/floriano_3942.jpg,http://socientize.lsd.ufcg.edu.br/almirante/almirante_1842.jpg
Qual local lhe parece mais...?,http://socientize.lsd.ufcg.edu.br/rodrigues/rodrigues_1642.jpg,http://socientize.lsd.ufcg.edu.br/rodrigues/rodrigues_1682.jpg
Qual local lhe parece mais...?,http://socientize.lsd.ufcg.edu.br/floriano/floriano_4902.jpg,http://socientize.lsd.ufcg.edu.br/almirante/almirante_902.jpg
Qual local lhe parece mais...?,http://socientize.lsd.ufcg.edu.br/almirante/almirante_362.jpg,http://socientize.lsd.ufcg.edu.br/rodrigues/rodrigues_562.jpg
Qual local lhe parece mais...?,http://socientize.lsd.ufcg.edu.br/rodrigues/rodrigues_1782.jpg,http://socientize.lsd.ufcg.edu.br/almirante/almirante_1322.jpg
Qual local lhe parece mais...?,http://socientize.lsd.ufcg.edu.br/rodrigues/rodrigues_1022.jpg,http://socientize.lsd.ufcg.edu.br/almirante/almirante_1242.jpg
Qual local lhe parece mais...?,http://socientize.lsd.ufcg.edu.br/almirante/almirante_2242.jpg,http://socientize.lsd.ufcg.edu.br/almirante/almirante_1282.jpg
Qual local lhe parece mais...?,http://socientize.lsd.ufcg.edu.br/rodrigues/rodrigues_282.jpg,http://socientize.lsd.ufcg.edu.br/almirante/almirante_1982.jpg
Qual local lhe parece mais...?,http://socientize.lsd.ufcg.edu.br/almirante/almirante_1842.jpg,http://socientize.lsd.ufcg.edu.br/floriano/floriano_6202.jpg
Qual local lhe parece mais...?,http://socientize.lsd.ufcg.edu.br/almirante/almirante_202.jpg,http://socientize.lsd.ufcg.edu.br/floriano/floriano_782.jpg
Qual local lhe parece mais...?,http://socientize.lsd.ufcg.edu.br/rodrigues/rodrigues_862.jpg,http://socientize.lsd.ufcg.edu.br/almirante/almirante_1162.jpg
Qual local lhe parece mais...?,http://socientize.lsd.ufcg.edu.br/almirante/almirante_642.jpg,http://socientize.lsd.ufcg.edu.br/rodrigues/rodrigues_1702.jpg
Qual local lhe parece mais...?,http://socientize.lsd.ufcg.edu.br/rodrigues/rodrigues_182.jpg,http://socientize.lsd.ufcg.edu.br/almirante/almirante_562.jpg
Qual local lhe parece mais...?,http://socientize.lsd.ufcg.edu.br/rodrigues/rodrigues_422.jpg,http://socientize.lsd.ufcg.edu.br/almirante/almirante_2022.jpg
Qual local lhe parece mais...?,http://socientize.lsd.ufcg.edu.br/floriano/floriano_4102.jpg,http://socientize.lsd.ufcg.edu.br/almirante/almirante_2122.jpg
Qual local lhe parece mais...?,http://socientize.lsd.ufcg.edu.br/rodrigues/rodrigues_1882.jpg,http://socientize.lsd.ufcg.edu.br/rodrigues/rodrigues_1862.jpg
Qual local lhe parece mais...?,http://socientize.lsd.ufcg.edu.br/almirante/almirante_1482.jpg,http://socientize.lsd.ufcg.edu.br/floriano/floriano_6222.jpg
Qual local lhe parece mais...?,http://socientize.lsd.ufcg.edu.br/floriano/floriano_3622.jpg,http://socientize.lsd.ufcg.edu.br/rodrigues/rodrigues_1062.jpg
Qual local lhe parece mais...?,http://socientize.lsd.ufcg.edu.br/almirante/almirante_822.jpg,http://socientize.lsd.ufcg.edu.br/floriano/floriano_3202.jpg
Qual local lhe parece mais...?,http://socientize.lsd.ufcg.edu.br/almirante/almirante_1622.jpg,http://socientize.lsd.ufcg.edu.br/floriano/floriano_1102.jpg
Qual local lhe parece mais...?,http://socientize.lsd.ufcg.edu.br/floriano/floriano_1122.jpg,http://socientize.lsd.ufcg.edu.br/almirante/almirante_1082.jpg
Qual local lhe parece mais...?,http://socientize.lsd.ufcg.edu.br/almirante/almirante_1762.jpg,http://socientize.lsd.ufcg.edu.br/rodrigues/rodrigues_362.jpg
Qual local lhe parece mais...?,http://socientize.lsd.ufcg.edu.br/floriano/floriano_8542.jpg,http://socientize.lsd.ufcg.edu.br/almirante/almirante_442.jpg
Qual local lhe parece mais...?,http://socientize.lsd.ufcg.edu.br/almirante/almirante_802.jpg,http://socientize.lsd.ufcg.edu.br/almirante/almirante_1222.jpg
Qual local lhe parece mais...?,http://socientize.lsd.ufcg.edu.br/rodrigues/rodrigues_402.jpg,http://socientize.lsd.ufcg.edu.br/floriano/floriano_2442.jpg
Qual local lhe parece mais...?,http://socientize.lsd.ufcg.edu.br/rodrigues/rodrigues_642.jpg,http://socientize.lsd.ufcg.edu.br/rodrigues/rodrigues_122.jpg
Qual local lhe parece mais...?,http://socientize.lsd.ufcg.edu.br/almirante/almirante_1282.jpg,http://socientize.lsd.ufcg.edu.br/rodrigues/rodrigues_1022.jpg
Qual local lhe parece mais...?,http://socientize.lsd.ufcg.edu.br/almirante/almirante_2202.jpg,http://socientize.lsd.ufcg.edu.br/rodrigues/rodrigues_1122.jpg
Qual local lhe parece mais...?,http://socientize.lsd.ufcg.edu.br/rodrigues/rodrigues_1902.jpg,http://socientize.lsd.ufcg.edu.br/rodrigues/rodrigues_822.jpg
Qual local lhe parece mais...?,http://socientize.lsd.ufcg.edu.br/floriano/floriano_6402.jpg,http://socientize.lsd.ufcg.edu.br/rodrigues/rodrigues_1622.jpg
Qual local lhe parece mais...?,http://socientize.lsd.ufcg.edu.br/floriano/floriano_8822.jpg,http://socientize.lsd.ufcg.edu.br/rodrigues/rodrigues_462.jpg
Qual local lhe parece mais...?,http://socientize.lsd.ufcg.edu.br/rodrigues/rodrigues_1402.jpg,http://socientize.lsd.ufcg.edu.br/rodrigues/rodrigues_302.jpg
Qual local lhe parece mais...?,http://socientize.lsd.ufcg.edu.br/rodrigues/rodrigues_1542.jpg,http://socientize.lsd.ufcg.edu.br/floriano/floriano_982.jpg
Qual local lhe parece mais...?,http://socientize.lsd.ufcg.edu.br/floriano/floriano_7142.jpg,http://socientize.lsd.ufcg.edu.br/floriano/floriano_582.jpg
Qual local lhe parece mais...?,http://socientize.lsd.ufcg.edu.br/almirante/almirante_942.jpg,http://socientize.lsd.ufcg.edu.br/rodrigues/rodrigues_122.jpg
Qual local lhe parece mais...?,http://socientize.lsd.ufcg.edu.br/floriano/floriano_762.jpg,http://socientize.lsd.ufcg.edu.br/floriano/floriano_7942.jpg
Qual local lhe parece mais...?,http://socientize.lsd.ufcg.edu.br/rodrigues/rodrigues_1462.jpg,http://socientize.lsd.ufcg.edu.br/almirante/almirante_2022.jpg
Qual local lhe parece mais...?,http://socientize.lsd.ufcg.edu.br/rodrigues/rodrigues_1922.jpg,http://socientize.lsd.ufcg.edu.br/almirante/almirante_442.jpg
Qual local lhe parece mais...?,http://socientize.lsd.ufcg.edu.br/rodrigues/rodrigues_402.jpg,http://socientize.lsd.ufcg.edu.br/almirante/almirante_62.jpg
Qual local lhe parece mais...?,http://socientize.lsd.ufcg.edu.br/almirante/almirante_1482.jpg,http://socientize.lsd.ufcg.edu.br/rodrigues/rodrigues_1182.jpg
Qual local lhe parece mais...?,http://socientize.lsd.ufcg.edu.br/almirante/almirante_1402.jpg,http://socientize.lsd.ufcg.edu.br/almirante/almirante_942.jpg
Qual local lhe parece mais...?,http://socientize.lsd.ufcg.edu.br/almirante/almirante_1282.jpg,http://socientize.lsd.ufcg.edu.br/rodrigues/rodrigues_1702.jpg
Qual local lhe parece mais...?,http://socientize.lsd.ufcg.edu.br/almirante/almirante_1162.jpg,http://socientize.lsd.ufcg.edu.br/rodrigues/rodrigues_1402.jpg
Qual local lhe parece mais...?,http://socientize.lsd.ufcg.edu.br/rodrigues/rodrigues_742.jpg,http://socientize.lsd.ufcg.edu.br/rodrigues/rodrigues_222.jpg
Qual local lhe parece mais...?,http://socientize.lsd.ufcg.edu.br/almirante/almirante_962.jpg,http://socientize.lsd.ufcg.edu.br/rodrigues/rodrigues_502.jpg
Qual local lhe parece mais...?,http://socientize.lsd.ufcg.edu.br/floriano/floriano_8182.jpg,http://socientize.lsd.ufcg.edu.br/rodrigues/rodrigues_402.jpg
Qual local lhe parece mais...?,http://socientize.lsd.ufcg.edu.br/rodrigues/rodrigues_462.jpg,http://socientize.lsd.ufcg.edu.br/almirante/almirante_322.jpg
Qual local lhe parece mais...?,http://socientize.lsd.ufcg.edu.br/floriano/floriano_8462.jpg,http://socientize.lsd.ufcg.edu.br/rodrigues/rodrigues_482.jpg
Qual local lhe parece mais...?,http://socientize.lsd.ufcg.edu.br/floriano/floriano_7042.jpg,http://socientize.lsd.ufcg.edu.br/rodrigues/rodrigues_1602.jpg
